Year,Age,Ethnic,Sex,Area,count
2018,0,1,1,1,807
2018,0,1,1,2,5109
2018,0,1,1,3,2262
2018,0,1,1,4,1359
2018,0,1,1,5,180
2018,0,1,1,6,741
2018,0,1,1,7,633
2018,0,1,1,8,1206
2018,0,1,1,9,2184
2018,0,1,1,12,177
2018,0,1,1,13,2832
2018,0,1,1,14,1047
2018,0,1,1,15,525
2018,0,1,1,16,228
2018,0,1,1,17,222
2018,0,1,1,18,240
2018,0,1,1,99,..C
2018,0,1,1,9999,19758
2018,0,1,1,77,19755
2018,0,1,2,1,783
2018,0,1,2,2,4812
2018,0,1,2,3,2124
2018,0,1,2,4,1347
2018,0,1,2,5,177
2018,0,1,2,6,717
2018,0,1,2,7,582
2018,0,1,2,8,1122
2018,0,1,2,9,2121
2018,0,1,2,12,174
2018,0,1,2,13,2793
2018,0,1,2,14,975
2018,0,1,2,15,519
2018,0,1,2,16,198
2018,0,1,2,17,210
2018,0,1,2,18,213
2018,0,1,2,99,..C
2018,0,1,2,9999,18873
2018,0,1,2,77,18867
2018,0,1,9,1,1590
2018,0,1,9,2,9921
2018,0,1,9,3,4389
2018,0,1,9,4,2706
2018,0,1,9,5,357
2018,0,1,9,6,1461
2018,0,1,9,7,1218
2018,0,1,9,8,2331
2018,0,1,9,9,4308
2018,0,1,9,12,351
2018,0,1,9,13,5622
2018,0,1,9,14,2022
2018,0,1,9,15,1044
2018,0,1,9,16,423
2018,0,1,9,17,432
2018,0,1,9,18,453
2018,0,1,9,99,6
2018,0,1,9,9999,38631
2018,0,1,9,77,38625
2018,0,2,1,1,648
2018,0,2,1,2,1902
2018,0,2,1,3,1239
2018,0,2,1,4,912
2018,0,2,1,5,240
2018,0,2,1,6,480
2018,0,2,1,7,237
2018,0,2,1,8,627
2018,0,2,1,9,738
2018,0,2,1,12,48
2018,0,2,1,13,654
2018,0,2,1,14,210
2018,0,2,1,15,162
2018,0,2,1,16,45
2018,0,2,1,17,72
2018,0,2,1,18,69
2018,0,2,1,99,..C
2018,0,2,1,9999,8289
2018,0,2,1,77,8286
2018,0,2,2,1,645
2018,0,2,2,2,1833
2018,0,2,2,3,1164
2018,0,2,2,4,933
2018,0,2,2,5,237
2018,0,2,2,6,462
2018,0,2,2,7,231
2018,0,2,2,8,570
2018,0,2,2,9,717
2018,0,2,2,12,42
2018,0,2,2,13,639
2018,0,2,2,14,195
2018,0,2,2,15,159
2018,0,2,2,16,45
2018,0,2,2,17,54
2018,0,2,2,18,69
2018,0,2,2,99,..C
2018,0,2,2,9999,7998
2018,0,2,2,77,7995
2018,0,2,9,1,1296
2018,0,2,9,2,3735
2018,0,2,9,3,2403
2018,0,2,9,4,1845
2025,0,2,9,5,477
2025,0,2,9,6,942
2025,0,2,9,7,468
2025,0,2,9,8,1197
2025,0,2,9,9,1455
2025,0,2,9,12,90
2025,0,2,9,13,1299
2025,0,2,9,14,405
2025,0,2,9,15,321
2025,0,2,9,16,90
2025,0,2,9,17,129
2025,0,2,9,18,138
2025,0,2,9,99,6
2025,0,2,9,9999,16287
2025,0,2,9,77,16281
2025,0,3,1,1,105
2025,0,3,1,2,2637
2025,0,3,1,3,258
2025,0,3,1,4,165
2025,0,3,1,5,33
2025,0,3,1,6,153
2025,0,3,1,7,33
2025,0,3,1,8,138
2025,0,3,1,9,447
2025,0,3,1,12,6
2025,0,3,1,13,276
2025,0,3,1,14,75
2025,0,3,1,15,33
2025,0,3,1,16,15
2025,0,3,1,17,15
2025,0,3,1,18,27
2025,0,3,1,99,..C
2025,0,3,1,9999,4410
2025,0,3,1,77,4410
2025,0,3,2,1,111
2025,0,3,2,2,2493
2025,0,3,2,3,279
2025,0,3,2,4,135
2025,0,3,2,5,33
2025,0,3,2,6,108
2025,0,3,2,7,30
2025,0,3,2,8,129
2025,0,3,2,9,438
2025,0,3,2,12,6
2025,0,3,2,13,225
2025,0,3,2,14,63
2025,0,3,2,15,48
2025,0,3,2,16,6
2025,0,3,2,17,21
2025,0,3,2,18,15
2025,0,3,2,99,..C
2025,0,3,2,9999,4137
2025,0,3,2,77,4137
2025,0,3,9,1,216
2025,0,3,9,2,5130
2025,0,3,9,3,537
2025,0,3,9,4,297
2025,0,3,9,5,66
2025,0,3,9,6,261
2025,0,3,9,7,66
2025,0,3,9,8,267
2025,0,3,9,9,885
2025,0,3,9,12,12
2025,0,3,9,13,501
2025,0,3,9,14,135
2025,0,3,9,15,81
2025,0,3,9,16,18
2025,0,3,9,17,36
2025,0,3,9,18,39
2025,0,3,9,99,..C
2025,0,3,9,9999,8550
2025,0,3,9,77,8550
2025,0,4,1,1,72
2025,0,4,1,2,3360
2025,0,4,1,3,408
2025,0,4,1,4,216
2025,0,4,1,5,12
2025,0,4,1,6,75
2025,0,4,1,7,63
2025,0,4,1,8,147
2025,0,4,1,9,543
2025,0,4,1,12,12
2025,0,4,1,13,588
2025,0,4,1,14,108
2025,0,4,1,15,48
2025,0,4,1,16,9
2025,0,4,1,17,39
2025,0,4,1,18,21
2025,0,4,1,99,..C
2025,0,4,1,9999,5715
2025,0,4,1,77,5715
2025,0,4,2,1,78
2025,0,4,2,2,3177
2025,0,4,2,3,363
2025,0,4,2,4,219
2025,0,4,2,5,18
2025,0,4,2,6,81
2025,0,4,2,7,57
2025,0,4,2,8,147
2025,0,4,2,9,531
2030,0,4,2,12,15
2030,0,4,2,13,519
2030,0,4,2,14,117
2030,0,4,2,15,51
2030,0,4,2,16,9
2030,0,4,2,17,42
2030,0,4,2,18,15
2030,0,4,2,99,..C
2030,0,4,2,9999,5436
2030,0,4,2,77,5436
2030,0,4,9,1,150
2030,0,4,9,2,6537
2030,0,4,9,3,771
2030,0,4,9,4,438
2030,0,4,9,5,30
2030,0,4,9,6,153
2030,0,4,9,7,120
2030,0,4,9,8,291
2030,0,4,9,9,1077
2030,0,4,9,12,27
2030,0,4,9,13,1104
2030,0,4,9,14,225
2030,0,4,9,15,102
2030,0,4,9,16,18
2030,0,4,9,17,81
2030,0,4,9,18,36
2030,0,4,9,99,..C
2030,0,4,9,9999,11151
2030,0,4,9,77,11151
2030,0,5,1,1,12
2030,0,5,1,2,318
2030,0,5,1,3,51
2030,0,5,1,4,33
2030,0,5,1,5,6
2030,0,5,1,6,15
2030,0,5,1,7,9
2030,0,5,1,8,24
2030,0,5,1,9,99
2030,0,5,1,12,0
2030,0,5,1,13,75
2030,0,5,1,14,33
2030,0,5,1,15,6
2030,0,5,1,16,3
2030,0,5,1,17,0
2030,0,5,1,18,6
2030,0,5,1,99,..C
2030,0,5,1,9999,684
2030,0,5,1,77,684
2030,0,5,2,1,9
2030,0,5,2,2,324
2030,0,5,2,3,72
2030,0,5,2,4,21
2030,0,5,2,5,3
2030,0,5,2,6,15
2030,0,5,2,7,12
2030,0,5,2,8,18
2030,0,5,2,9,108
2030,0,5,2,12,0
2030,0,5,2,13,66
2030,0,5,2,14,33
2030,0,5,2,15,3
2030,0,5,2,16,3
2030,0,5,2,17,3
2030,0,5,2,18,3
2030,0,5,2,99,..C
2030,0,5,2,9999,693
2030,0,5,2,77,693
2030,0,5,9,1,24
2030,0,5,9,2,645
2030,0,5,9,3,123
2030,0,5,9,4,51
2030,0,5,9,5,9
2030,0,5,9,6,30
2030,0,5,9,7,18
2030,0,5,9,8,42
2030,0,5,9,9,207
2030,0,5,9,12,3
2030,0,5,9,13,141
2030,0,5,9,14,66
2030,0,5,9,15,12
2030,0,5,9,16,3
2030,0,5,9,17,3
2030,0,5,9,18,9
2030,0,5,9,99,..C
2030,0,5,9,9999,1377
2030,0,5,9,77,1377
2030,0,6,1,1,9
2030,0,6,1,2,111
2030,0,6,1,3,42
2030,0,6,1,4,15
2030,0,6,1,5,3
2030,0,6,1,6,12
2030,0,6,1,7,9
2030,0,6,1,8,18
2030,0,6,1,9,42
2030,0,6,1,12,0
2030,0,6,1,13,60
2030,0,6,1,14,18
2030,0,6,1,15,9
2030,0,6,1,16,3
2030,0,6,1,17,3
2030,0,6,1,18,6
2030,0,6,1,99,..C
2030,0,6,1,9999,360
2030,0,6,1,77,360
2030,0,6,2,1,12
2030,0,6,2,2,111
2030,0,6,2,3,27
2030,0,6,2,4,27
2030,0,6,2,5,3
2030,0,6,2,6,9
2030,0,6,2,7,9
2030,0,6,2,8,18
2030,0,6,2,9,48
2030,0,6,2,12,6
2030,0,6,2,13,42
2030,0,6,2,14,12
2030,0,6,2,15,6
2030,0,6,2,16,6
2030,0,6,2,17,3
2030,0,6,2,18,3
2030,0,6,2,99,..C
2030,0,6,2,9999,339
2030,0,6,2,77,339
2030,0,6,9,1,18
2030,0,6,9,2,222
2030,0,6,9,3,66
2030,0,6,9,4,42
2030,0,6,9,5,6
2030,0,6,9,6,18
2030,0,6,9,7,18
2030,0,6,9,8,39
2030,0,6,9,9,90
2030,0,6,9,12,9
2030,0,6,9,13,99
2030,0,6,9,14,30
2030,0,6,9,15,15
2030,0,6,9,16,6
2030,0,6,9,17,9
2030,0,6,9,18,6
2030,0,6,9,99,..C
2030,0,6,9,9999,696
2030,0,6,9,77,696
2030,0,9,1,1,0
2030,0,9,1,2,3
2030,0,9,1,3,3
2030,0,9,1,4,3
2030,0,9,1,5,0
2030,0,9,1,6,0
2030,0,9,1,7,0
2030,0,9,1,8,3
2030,0,9,1,9,0
2030,0,9,1,12,0
2030,0,9,1,13,6
2030,0,9,1,14,3
2030,0,9,1,15,3
2030,0,9,1,16,0
2030,0,9,1,17,0
2030,0,9,1,18,0
2030,0,9,1,99,..C
2030,0,9,1,9999,18
2030,0,9,1,77,18
2030,0,9,2,1,0
2030,0,9,2,2,3
2030,0,9,2,3,0
2030,0,9,2,4,3
2030,0,9,2,5,0
2030,0,9,2,6,0
2030,0,9,2,7,0
2030,0,9,2,8,0
2030,0,9,2,9,3
2030,0,9,2,12,0
2030,0,9,2,13,3
2030,0,9,2,14,0
2030,0,9,2,15,0
2030,0,9,2,16,0
2030,0,9,2,17,0
2030,0,9,2,18,0
2030,0,9,2,99,..C
2030,0,9,2,9999,6
2030,0,9,2,77,6
2030,0,9,9,1,0
2030,0,9,9,2,6
2030,0,9,9,3,3
2030,0,9,9,4,3
2030,0,9,9,5,0
2030,0,9,9,6,0
2030,0,9,9,7,0
2030,0,9,9,8,3
2030,0,9,9,9,0
2030,0,9,9,12,0
2030,0,9,9,13,9
2030,0,9,9,14,3
2030,0,9,9,15,0
2030,0,9,9,16,0
2030,0,9,9,17,0
2030,0,9,9,18,0
2030,0,9,9,99,..C
2030,0,9,9,9999,27
2030,0,9,9,77,27
2018,0,77,1,1,1161
2018,0,77,1,2,10401
2018,0,77,1,3,3153
2018,0,77,1,4,2025
2018,0,77,1,5,342
2018,0,77,1,6,1086
2018,0,77,1,7,744
2018,0,77,1,8,1590
2018,0,77,1,9,3051
2018,0,77,1,12,204
2018,0,77,1,13,3621
2018,0,77,1,14,1209
2018,0,77,1,15,612
2018,0,77,1,16,246
2018,0,77,1,17,273
2018,0,77,1,18,276
2018,0,77,1,99,..C
2018,0,77,1,9999,29991
2018,0,77,1,77,29985
2018,0,77,2,1,1140
2018,0,77,2,2,9894
2018,0,77,2,3,2967
2018,0,77,2,4,1986
2018,0,77,2,5,345
2018,0,77,2,6,1044
2018,0,77,2,7,699
2018,0,77,2,8,1443
2018,0,77,2,9,2970
2018,0,77,2,12,198
2018,0,77,2,13,3483
2018,0,77,2,14,1152
2018,0,77,2,15,612
2018,0,77,2,16,207
2018,0,77,2,17,267
2018,0,77,2,18,237
2018,0,77,2,99,..C
2018,0,77,2,9999,28650
2018,0,77,2,77,28647
2018,0,77,9,1,2301
2018,0,77,9,2,20292
2018,0,77,9,3,6120
2018,0,77,9,4,4011
2018,0,77,9,5,684
2018,0,77,9,6,2133
2018,0,77,9,7,1443
2018,0,77,9,8,3033
2018,0,77,9,9,6021
2018,0,77,9,12,399
2018,0,77,9,13,7104
2018,0,77,9,14,2361
2018,0,77,9,15,1221
2018,0,77,9,16,453
2018,0,77,9,17,540
2018,0,77,9,18,513
2018,0,77,9,99,6
2018,0,77,9,9999,58641
2018,0,77,9,77,58632
2018,0,9999,1,1,1161
2018,0,9999,1,2,10404
2018,0,9999,1,3,3153
2018,0,9999,1,4,2028
2018,0,9999,1,5,342
2018,0,9999,1,6,1086
2018,0,9999,1,7,744
2018,0,9999,1,8,1590
2018,0,9999,1,9,3051
2018,0,9999,1,12,204
2018,0,9999,1,13,3627
2018,0,9999,1,14,1215
2018,0,9999,1,15,612
2018,0,9999,1,16,246
2018,0,9999,1,17,273
2018,0,9999,1,18,276
2018,0,9999,1,99,3
2018,0,9999,1,9999,30009
2018,0,9999,1,77,30006
2018,0,9999,2,1,1140
2018,0,9999,2,2,9894
2018,0,9999,2,3,2967
2018,0,9999,2,4,1989
2018,0,9999,2,5,345
2018,0,9999,2,6,1044
2018,0,9999,2,7,699
2018,0,9999,2,8,1443
2018,0,9999,2,9,2973
2018,0,9999,2,12,198
2018,0,9999,2,13,3486
2018,0,9999,2,14,1152
2018,0,9999,2,15,612
2018,0,9999,2,16,207
2018,0,9999,2,17,267
2018,0,9999,2,18,237
2018,0,9999,2,99,3
2018,0,9999,2,9999,28656
2018,0,9999,2,77,28653
2018,0,9999,9,1,2301
2018,0,9999,9,2,20298
2018,0,9999,9,3,6120
2018,0,9999,9,4,4014
2018,0,9999,9,5,684
2018,0,9999,9,6,2133
2018,0,9999,9,7,1443
2018,0,9999,9,8,3033
2018,0,9999,9,9,6024
2018,0,9999,9,12,399
2018,0,9999,9,13,7110
2018,0,9999,9,14,2364
2018,0,9999,9,15,1224
2018,0,9999,9,16,453
2018,0,9999,9,17,540
2018,0,9999,9,18,513
2018,0,9999,9,99,6
2018,0,9999,9,9999,58665
2018,0,9999,9,77,58659
2018,1,1,1,1,819
2018,1,1,1,2,5193
2018,1,1,1,3,2247
2018,1,1,1,4,1443
2018,1,1,1,5,189
2018,1,1,1,6,738
2018,1,1,1,7,636
2018,1,1,1,8,1152
2018,1,1,1,9,2094
2018,1,1,1,12,159
2018,1,1,1,13,2760
2018,1,1,1,14,993
2018,1,1,1,15,504
2018,1,1,1,16,237
2018,1,1,1,17,237
2018,1,1,1,18,243
2018,1,1,1,99,..C
2018,1,1,1,9999,19638
2018,1,1,1,77,19635
2018,1,1,2,1,804
2018,1,1,2,2,4902
2018,1,1,2,3,2097
2018,1,1,2,4,1326
2018,1,1,2,5,171
2018,1,1,2,6,711
2018,1,1,2,7,579
2018,1,1,2,8,1110
2018,1,1,2,9,2061
2018,1,1,2,12,141
2018,1,1,2,13,2658
2018,1,1,2,14,936
2018,1,1,2,15,468
2018,1,1,2,16,219
2018,1,1,2,17,204
2018,1,1,2,18,216
2018,1,1,2,99,..C
2018,1,1,2,9999,18606
2018,1,1,2,77,18606
2018,1,1,9,1,1623
2018,1,1,9,2,10095
2018,1,1,9,3,4344
2018,1,1,9,4,2766
2018,1,1,9,5,363
2018,1,1,9,6,1446
2018,1,1,9,7,1215
2018,1,1,9,8,2262
2018,1,1,9,9,4155
2018,1,1,9,12,297
2018,1,1,9,13,5424
2018,1,1,9,14,1929
2018,1,1,9,15,972
2018,1,1,9,16,456
2018,1,1,9,17,441
2018,1,1,9,18,459
2018,1,1,9,99,6
2018,1,1,9,9999,38244
2018,1,1,9,77,38238
2018,1,2,1,1,678
2018,1,2,1,2,1908
2018,1,2,1,3,1212
2018,1,2,1,4,957
2018,1,2,1,5,255
2018,1,2,1,6,507
2018,1,2,1,7,252
2018,1,2,1,8,633
2018,1,2,1,9,699
2018,1,2,1,12,42
2018,1,2,1,13,618
2018,1,2,1,14,192
2018,1,2,1,15,150
2018,1,2,1,16,60
2018,1,2,1,17,48
2018,1,2,1,18,81
2018,1,2,1,99,..C
2018,1,2,1,9999,8295
2018,1,2,1,77,8289
2018,1,2,2,1,657
2018,1,2,2,2,1857
2018,1,2,2,3,1191
2018,1,2,2,4,903
2018,1,2,2,5,246
2018,1,2,2,6,483
2018,1,2,2,7,228
2018,1,2,2,8,540
2018,1,2,2,9,690
2018,1,2,2,12,36
2018,1,2,2,13,570
2018,1,2,2,14,174
2018,1,2,2,15,138
2018,1,2,2,16,39
2018,1,2,2,17,51
2018,1,2,2,18,69
2018,1,2,2,99,..C
2018,1,2,2,9999,7863
2018,1,2,2,77,7863
2018,1,2,9,1,1332
2018,1,2,9,2,3765
2018,1,2,9,3,2400
2018,1,2,9,4,1857
2018,1,2,9,5,501
2018,1,2,9,6,990
2018,1,2,9,7,480
2018,1,2,9,8,1173
2018,1,2,9,9,1389
2018,1,2,9,12,75
2018,1,2,9,13,1188
2018,1,2,9,14,366
2018,1,2,9,15,288
2018,1,2,9,16,99
2018,1,2,9,17,96
2018,1,2,9,18,147
2018,1,2,9,99,..C
2018,1,2,9,9999,16155
2018,1,2,9,77,16152
2018,1,3,1,1,105
2018,1,3,1,2,2493
2018,1,3,1,3,273
2018,1,3,1,4,147
2018,1,3,1,5,33
2018,1,3,1,6,132
2018,1,3,1,7,36
2018,1,3,1,8,135
2018,1,3,1,9,438
2018,1,3,1,12,3
2018,1,3,1,13,246
2018,1,3,1,14,72
2018,1,3,1,15,33
2018,1,3,1,16,6
2018,1,3,1,17,21
2018,1,3,1,18,24
2018,1,3,1,99,..C
2018,1,3,1,9999,4188
2018,1,3,1,77,4188
2018,1,3,2,1,117
2018,1,3,2,2,2445
2018,1,3,2,3,285
2018,1,3,2,4,144
2018,1,3,2,5,36
2018,1,3,2,6,108
2018,1,3,2,7,24
2018,1,3,2,8,135
2018,1,3,2,9,453
2018,1,3,2,12,3
2018,1,3,2,13,201
2018,1,3,2,14,66
2018,1,3,2,15,36
2018,1,3,2,16,6
2018,1,3,2,17,18
2018,1,3,2,18,12
2018,1,3,2,99,..C
2018,1,3,2,9999,4092
2018,1,3,2,77,4092
2018,1,3,9,1,222
2018,1,3,9,2,4938
2018,1,3,9,3,558
2018,1,3,9,4,288
2018,1,3,9,5,69
2018,1,3,9,6,240
2018,1,3,9,7,60
2018,1,3,9,8,273
2018,1,3,9,9,888
2018,1,3,9,12,6
2018,1,3,9,13,447
2018,1,3,9,14,135
2018,1,3,9,15,72
2018,1,3,9,16,15
2018,1,3,9,17,36
2018,1,3,9,18,33
2018,1,3,9,99,..C
2018,1,3,9,9999,8280
2018,1,3,9,77,8280
2018,1,4,1,1,75
2018,1,4,1,2,3402
2018,1,4,1,3,411
2018,1,4,1,4,207
2018,1,4,1,5,15
2018,1,4,1,6,78
2018,1,4,1,7,60
2018,1,4,1,8,132
2018,1,4,1,9,543
2018,1,4,1,12,6
2018,1,4,1,13,540
2018,1,4,1,14,90
2018,1,4,1,15,54
2018,1,4,1,16,12
2018,1,4,1,17,36
2018,1,4,1,18,18
2018,1,4,1,99,..C
2018,1,4,1,9999,5682
2018,1,4,1,77,5682
2018,1,4,2,1,75
2018,1,4,2,2,3315
2018,1,4,2,3,390
2018,1,4,2,4,168
2018,1,4,2,5,15
2018,1,4,2,6,75
2018,1,4,2,7,51
2018,1,4,2,8,135
2018,1,4,2,9,486
2018,1,4,2,12,6
2018,1,4,2,13,582
2018,1,4,2,14,90
2018,1,4,2,15,39
2018,1,4,2,16,6
2018,1,4,2,17,30
2018,1,4,2,18,21
2018,1,4,2,99,..C
2018,1,4,2,9999,5484
2018,1,4,2,77,5484
2018,1,4,9,1,147
2018,1,4,9,2,6714
2018,1,4,9,3,804
2018,1,4,9,4,375
2018,1,4,9,5,27
2018,1,4,9,6,153
2018,1,4,9,7,114
2018,1,4,9,8,264
2018,1,4,9,9,1026
2018,1,4,9,12,12
2018,1,4,9,13,1122
2018,1,4,9,14,180
2018,1,4,9,15,93
2018,1,4,9,16,18
2018,1,4,9,17,66
2018,1,4,9,18,45
2018,1,4,9,99,..C
2018,1,4,9,9999,11166
2018,1,4,9,77,11166
2018,1,5,1,1,15
2018,1,5,1,2,315
2018,1,5,1,3,51
2018,1,5,1,4,33
2018,1,5,1,5,0
2018,1,5,1,6,15
2018,1,5,1,7,9
2018,1,5,1,8,24
2018,1,5,1,9,90
2018,1,5,1,12,3
2018,1,5,1,13,63
2018,1,5,1,14,30
2018,1,5,1,15,6
2018,1,5,1,16,3
2018,1,5,1,17,3
2018,1,5,1,18,3
2018,1,5,1,99,..C
2018,1,5,1,9999,657
2018,1,5,1,77,657
2018,1,5,2,1,9
2018,1,5,2,2,339
2018,1,5,2,3,57
2018,1,5,2,4,21
2018,1,5,2,5,3
2018,1,5,2,6,9
2018,1,5,2,7,6
2018,1,5,2,8,24
2018,1,5,2,9,90
2018,1,5,2,12,0
2018,1,5,2,13,69
2018,1,5,2,14,30
2018,1,5,2,15,0
2018,1,5,2,16,3
2018,1,5,2,17,6
2018,1,5,2,18,6
2018,1,5,2,99,..C
2018,1,5,2,9999,669
2018,1,5,2,77,669
2018,1,5,9,1,24
2018,1,5,9,2,654
2018,1,5,9,3,108
2018,1,5,9,4,51
2018,1,5,9,5,3
2018,1,5,9,6,27
2018,1,5,9,7,15
2018,1,5,9,8,48
2018,1,5,9,9,180
2018,1,5,9,12,3
2018,1,5,9,13,132
2018,1,5,9,14,60
2018,1,5,9,15,6
2018,1,5,9,16,3
2018,1,5,9,17,9
2018,1,5,9,18,9
2018,1,5,9,99,..C
2018,1,5,9,9999,1326
2018,1,5,9,77,1326
2018,1,6,1,1,12
2018,1,6,1,2,99
2018,1,6,1,3,33
2018,1,6,1,4,18
2018,1,6,1,5,0
2018,1,6,1,6,6
2018,1,6,1,7,6
2018,1,6,1,8,15
2018,1,6,1,9,33
2018,1,6,1,12,3
2018,1,6,1,13,48
2018,1,6,1,14,12
2018,1,6,1,15,9
2018,1,6,1,16,0
2018,1,6,1,17,6
2018,1,6,1,18,0
2018,1,6,1,99,..C
2018,1,6,1,9999,303
2018,1,6,1,77,303
2018,1,6,2,1,6
2018,1,6,2,2,111
2018,1,6,2,3,30
2018,1,6,2,4,21
2018,1,6,2,5,0
2018,1,6,2,6,6
2018,1,6,2,7,6
2018,1,6,2,8,15
2018,1,6,2,9,30
2018,1,6,2,12,3
2018,1,6,2,13,54
2018,1,6,2,14,9
2018,1,6,2,15,3
2018,1,6,2,16,0
2018,1,6,2,17,6
2018,1,6,2,18,0
2018,1,6,2,99,..C
2018,1,6,2,9999,306
2018,1,6,2,77,306
2018,1,6,9,1,15
2018,1,6,9,2,210
2018,1,6,9,3,63
2018,1,6,9,4,39
2018,1,6,9,5,0
2018,1,6,9,6,12
2018,1,6,9,7,15
2018,1,6,9,8,33
2018,1,6,9,9,66
2018,1,6,9,12,6
2018,1,6,9,13,105
2018,1,6,9,14,24
2018,1,6,9,15,15
2018,1,6,9,16,3
2018,1,6,9,17,9
2018,1,6,9,18,0
2018,1,6,9,99,..C
2018,1,6,9,9999,609
2018,1,6,9,77,609
2018,1,9,1,1,3
2018,1,9,1,2,0
2018,1,9,1,3,0
2018,1,9,1,4,3
2018,1,9,1,5,0
2018,1,9,1,6,0
2018,1,9,1,7,0
2018,1,9,1,8,0
2018,1,9,1,9,0
2018,1,9,1,12,0
2018,1,9,1,13,0
2018,1,9,1,14,0
2018,1,9,1,15,0
2018,1,9,1,16,0
2018,1,9,1,17,0
2018,1,9,1,18,0
2018,1,9,1,99,..C
2018,1,9,1,9999,6
2018,1,9,1,77,6
2018,1,9,2,1,0
2018,1,9,2,2,3
2018,1,9,2,3,3
2018,1,9,2,4,0
2018,1,9,2,5,0
2018,1,9,2,6,0
2018,1,9,2,7,0
2018,1,9,2,8,0
2018,1,9,2,9,0
2018,1,9,2,12,0
2018,1,9,2,13,3
2018,1,9,2,14,0
2018,1,9,2,15,0
2018,1,9,2,16,0
2018,1,9,2,17,0
2018,1,9,2,18,0
2018,1,9,2,99,..C
2018,1,9,2,9999,9
2018,1,9,2,77,9
2018,1,9,9,1,3
2018,1,9,9,2,3
2018,1,9,9,3,3
2018,1,9,9,4,3
2018,1,9,9,5,0
2018,1,9,9,6,0
2018,1,9,9,7,0
2018,1,9,9,8,0
2018,1,9,9,9,0
2018,1,9,9,12,0
2018,1,9,9,13,3
2018,1,9,9,14,0
2018,1,9,9,15,0
2018,1,9,9,16,0
2018,1,9,9,17,0
2018,1,9,9,18,0
2018,1,9,9,99,..C
2018,1,9,9,9999,15
2018,1,9,9,77,15
2018,1,77,1,1,1200
2018,1,77,1,2,10440
2018,1,77,1,3,3195
2018,1,77,1,4,2097
2018,1,77,1,5,360
2018,1,77,1,6,1104
2018,1,77,1,7,774
2018,1,77,1,8,1521
2018,1,77,1,9,2949
2018,1,77,1,12,174
2018,1,77,1,13,3483
2018,1,77,1,14,1128
2018,1,77,1,15,606
2018,1,77,1,16,258
2018,1,77,1,17,270
2018,1,77,1,18,276
2018,1,77,1,99,..C
2018,1,77,1,9999,29847
2018,1,77,1,77,29841
2018,1,77,2,1,1179
2018,1,77,2,2,10053
2018,1,77,2,3,3042
2018,1,77,2,4,1929
2018,1,77,2,5,342
2018,1,77,2,6,1032
2018,1,77,2,7,696
2018,1,77,2,8,1455
2018,1,77,2,9,2841
2018,1,77,2,12,150
2018,1,77,2,13,3405
2018,1,77,2,14,1080
2018,1,77,2,15,549
2018,1,77,2,16,234
2018,1,77,2,17,252
2018,1,77,2,18,255
2018,1,77,2,99,..C
2018,1,77,2,9999,28497
2018,1,77,2,77,28491
2018,1,77,9,1,2379
2018,1,77,9,2,20496
2018,1,77,9,3,6237
2018,1,77,9,4,4026
2018,1,77,9,5,705
2018,1,77,9,6,2136
2018,1,77,9,7,1470
2018,1,77,9,8,2979
2018,1,77,9,9,5790
2018,1,77,9,12,321
2018,1,77,9,13,6888
2018,1,77,9,14,2211
2018,1,77,9,15,1155
2018,1,77,9,16,495
2018,1,77,9,17,519
2018,1,77,9,18,531
2018,1,77,9,99,6
2018,1,77,9,9999,58341
2018,1,77,9,77,58335
2018,1,9999,1,1,1203
2018,1,9999,1,2,10440
2018,1,9999,1,3,3198
2018,1,9999,1,4,2100
2018,1,9999,1,5,360
2018,1,9999,1,6,1104
2018,1,9999,1,7,774
2018,1,9999,1,8,1521
2018,1,9999,1,9,2949
2018,1,9999,1,12,174
2018,1,9999,1,13,3480
2018,1,9999,1,14,1131
2018,1,9999,1,15,606
2018,1,9999,1,16,258
2018,1,9999,1,17,270
2018,1,9999,1,18,276
2018,1,9999,1,99,6
2018,1,9999,1,9999,29853
2018,1,9999,1,77,29850
2018,1,9999,2,1,1179
2018,1,9999,2,2,10056
2018,1,9999,2,3,3045
2018,1,9999,2,4,1929
2018,1,9999,2,5,342
2018,1,9999,2,6,1032
2018,1,9999,2,7,696
2018,1,9999,2,8,1455
2018,1,9999,2,9,2844
2018,1,9999,2,12,150
2018,1,9999,2,13,3405
2018,1,9999,2,14,1080
2018,1,9999,2,15,549
2018,1,9999,2,16,234
2018,1,9999,2,17,252
2018,1,9999,2,18,255
2018,1,9999,2,99,3
2018,1,9999,2,9999,28503
2018,1,9999,2,77,28503
2018,1,9999,9,1,2379
2018,1,9999,9,2,20499
2018,1,9999,9,3,6240
2018,1,9999,9,4,4026
2018,1,9999,9,5,705
2018,1,9999,9,6,2136
2018,1,9999,9,7,1470
2018,1,9999,9,8,2979
2018,1,9999,9,9,5793
2018,1,9999,9,12,321
2018,1,9999,9,13,6891
2018,1,9999,9,14,2211
2018,1,9999,9,15,1155
2018,1,9999,9,16,495
2018,1,9999,9,17,519
2018,1,9999,9,18,531
2018,1,9999,9,99,6
2018,1,9999,9,9999,58356
2018,1,9999,9,77,58350
2018,2,1,1,1,789
2018,2,1,1,2,5154
2018,2,1,1,3,2310
2018,2,1,1,4,1452
2018,2,1,1,5,216
2018,2,1,1,6,720
2018,2,1,1,7,672
2018,2,1,1,8,1179
2018,2,1,1,9,2220
2018,2,1,1,12,159
2018,2,1,1,13,2862
2018,2,1,1,14,1083
2018,2,1,1,15,498
2018,2,1,1,16,249
2018,2,1,1,17,246
2018,2,1,1,18,231
2018,2,1,1,99,..C
2018,2,1,1,9999,20046
2018,2,1,1,77,20040
2018,2,1,2,1,813
2018,2,1,2,2,4896
2018,2,1,2,3,2169
2018,2,1,2,4,1317
2018,2,1,2,5,174
2018,2,1,2,6,705
2018,2,1,2,7,639
2018,2,1,2,8,1104
2018,2,1,2,9,2112
2018,2,1,2,12,156
2018,2,1,2,13,2775
2018,2,1,2,14,984
2018,2,1,2,15,513
2018,2,1,2,16,228
2018,2,1,2,17,231
2018,2,1,2,18,207
2018,2,1,2,99,..C
2018,2,1,2,9999,19035
2018,2,1,2,77,19032
2018,2,1,9,1,1605
2018,2,1,9,2,10050
2018,2,1,9,3,4479
2018,2,1,9,4,2769
2018,2,1,9,5,387
2018,2,1,9,6,1425
2018,2,1,9,7,1311
2018,2,1,9,8,2283
2018,2,1,9,9,4332
2018,2,1,9,12,318
2018,2,1,9,13,5637
2018,2,1,9,14,2064
2018,2,1,9,15,1011
2018,2,1,9,16,480
2018,2,1,9,17,477
2018,2,1,9,18,438
2018,2,1,9,99,6
2018,2,1,9,9999,39081
2018,2,1,9,77,39072
2018,2,2,1,1,615
2018,2,2,1,2,1968
2018,2,2,1,3,1248
2018,2,2,1,4,897
2018,2,2,1,5,234
2018,2,2,1,6,495
2018,2,2,1,7,246
2018,2,2,1,8,624
2018,2,2,1,9,747
2018,2,2,1,12,39
2018,2,2,1,13,660
2018,2,2,1,14,210
2018,2,2,1,15,138
2018,2,2,1,16,42
2018,2,2,1,17,75
2018,2,2,1,18,78
2018,2,2,1,99,..C
2018,2,2,1,9999,8328
2018,2,2,1,77,8325
2018,2,2,2,1,669
2018,2,2,2,2,1836
2018,2,2,2,3,1101
2018,2,2,2,4,858
2018,2,2,2,5,270
2018,2,2,2,6,468
2018,2,2,2,7,276
2018,2,2,2,8,570
2018,2,2,2,9,714
2018,2,2,2,12,33
2018,2,2,2,13,627
2018,2,2,2,14,219
2018,2,2,2,15,147
2018,2,2,2,16,57
2018,2,2,2,17,60
2018,2,2,2,18,63
2018,2,2,2,99,..C
2018,2,2,2,9999,7968
2018,2,2,2,77,7965
2018,2,2,9,1,1284
2018,2,2,9,2,3807
2018,2,2,9,3,2349
2018,2,2,9,4,1758
2018,2,2,9,5,507
2018,2,2,9,6,960
2018,2,2,9,7,519
2018,2,2,9,8,1191
2018,2,2,9,9,1464
2018,2,2,9,12,72
2018,2,2,9,13,1290
2018,2,2,9,14,429
2018,2,2,9,15,285
2018,2,2,9,16,99
2018,2,2,9,17,135
2018,2,2,9,18,141
2018,2,2,9,99,6
2018,2,2,9,9999,16296
2018,2,2,9,77,16290
2018,2,3,1,1,90
2018,2,3,1,2,2628
2018,2,3,1,3,291
2018,2,3,1,4,144
2018,2,3,1,5,33
2018,2,3,1,6,114
2018,2,3,1,7,39
2018,2,3,1,8,165
2018,2,3,1,9,480
2018,2,3,1,12,3
2018,2,3,1,13,282
2018,2,3,1,14,72
2018,2,3,1,15,39
2018,2,3,1,16,9
2018,2,3,1,17,18
2018,2,3,1,18,21
2018,2,3,1,99,..C
2018,2,3,1,9999,4422
2018,2,3,1,77,4422
2018,2,3,2,1,108
2018,2,3,2,2,2484
2018,2,3,2,3,258
2018,2,3,2,4,135
2018,2,3,2,5,33
2018,2,3,2,6,123
2018,2,3,2,7,33
2018,2,3,2,8,141
2018,2,3,2,9,426
2018,2,3,2,12,3
2018,2,3,2,13,234
2018,2,3,2,14,75
2018,2,3,2,15,18
2018,2,3,2,16,3
2018,2,3,2,17,15
2018,2,3,2,18,9
2018,2,3,2,99,..C
2018,2,3,2,9999,4098
2018,2,3,2,77,4098
2018,2,3,9,1,198
2018,2,3,9,2,5112
2018,2,3,9,3,546
2018,2,3,9,4,279
2018,2,3,9,5,66
2018,2,3,9,6,237
2018,2,3,9,7,72
2018,2,3,9,8,306
2018,2,3,9,9,903
2018,2,3,9,12,6
2018,2,3,9,13,516
2018,2,3,9,14,147
2018,2,3,9,15,57
2018,2,3,9,16,15
2018,2,3,9,17,33
2018,2,3,9,18,27
2018,2,3,9,99,..C
2018,2,3,9,9999,8520
2018,2,3,9,77,8520
2018,2,4,1,1,63
2018,2,4,1,2,3102
2018,2,4,1,3,378
2018,2,4,1,4,186
2018,2,4,1,5,18
2018,2,4,1,6,54
2018,2,4,1,7,48
2018,2,4,1,8,141
2018,2,4,1,9,519
2018,2,4,1,12,6
2018,2,4,1,13,552
2018,2,4,1,14,102
2018,2,4,1,15,45
2018,2,4,1,16,15
2018,2,4,1,17,30
2018,2,4,1,18,15
2018,2,4,1,99,..C
2018,2,4,1,9999,5280
2018,2,4,1,77,5280
2018,2,4,2,1,66
2018,2,4,2,2,2973
2018,2,4,2,3,408
2018,2,4,2,4,189
2018,2,4,2,5,18
2018,2,4,2,6,69
2018,2,4,2,7,57
2018,2,4,2,8,132
2018,2,4,2,9,468
2018,2,4,2,12,9
2018,2,4,2,13,495
2018,2,4,2,14,99
2018,2,4,2,15,60
2018,2,4,2,16,21
2018,2,4,2,17,42
2018,2,4,2,18,21
2018,2,4,2,99,..C
2018,2,4,2,9999,5121
2018,2,4,2,77,5121
2018,2,4,9,1,129
2018,2,4,9,2,6075
2018,2,4,9,3,786
2018,2,4,9,4,378
2018,2,4,9,5,36
2018,2,4,9,6,120
2018,2,4,9,7,105
2018,2,4,9,8,270
2018,2,4,9,9,987
2018,2,4,9,12,15
2018,2,4,9,13,1047
2018,2,4,9,14,201
2018,2,4,9,15,105
2018,2,4,9,16,33
2018,2,4,9,17,72
2018,2,4,9,18,36
2018,2,4,9,99,..C
2018,2,4,9,9999,10398
2018,2,4,9,77,10398
2018,2,5,1,1,9
2018,2,5,1,2,294
2018,2,5,1,3,60
2018,2,5,1,4,27
2018,2,5,1,5,3
2018,2,5,1,6,9
2018,2,5,1,7,12
2018,2,5,1,8,18
2018,2,5,1,9,99
2018,2,5,1,12,0
2018,2,5,1,13,87
2018,2,5,1,14,36
2018,2,5,1,15,9
2018,2,5,1,16,0
2018,2,5,1,17,6
2018,2,5,1,18,6
2018,2,5,1,99,..C
2018,2,5,1,9999,666
2018,2,5,1,77,666
2018,2,5,2,1,6
2018,2,5,2,2,288
2018,2,5,2,3,42
2018,2,5,2,4,30
2018,2,5,2,5,6
2018,2,5,2,6,15
2018,2,5,2,7,6
2018,2,5,2,8,15
2018,2,5,2,9,105
2018,2,5,2,12,3
2018,2,5,2,13,66
2018,2,5,2,14,30
2018,2,5,2,15,6
2018,2,5,2,16,6
2018,2,5,2,17,6
2018,2,5,2,18,3
2018,2,5,2,99,..C
2018,2,5,2,9999,627
2018,2,5,2,77,627
2018,2,5,9,1,18
2018,2,5,9,2,582
2018,2,5,9,3,102
2018,2,5,9,4,54
2018,2,5,9,5,9
2018,2,5,9,6,21
2018,2,5,9,7,18
2018,2,5,9,8,36
2018,2,5,9,9,207
2018,2,5,9,12,3
2018,2,5,9,13,150
2018,2,5,9,14,63
2018,2,5,9,15,12
2018,2,5,9,16,6
2018,2,5,9,17,12
2018,2,5,9,18,6
2018,2,5,9,99,..C
2018,2,5,9,9999,1296
2018,2,5,9,77,1296
2018,2,6,1,1,9
2018,2,6,1,2,129
2018,2,6,1,3,39
2018,2,6,1,4,18
2018,2,6,1,5,3
2018,2,6,1,6,15
2018,2,6,1,7,9
2018,2,6,1,8,15
2018,2,6,1,9,57
2018,2,6,1,12,3
2018,2,6,1,13,60
2018,2,6,1,14,15
2018,2,6,1,15,9
2018,2,6,1,16,9
2018,2,6,1,17,3
2018,2,6,1,18,6
2018,2,6,1,99,..C
2018,2,6,1,9999,390
2018,2,6,1,77,390
2018,2,6,2,1,9
2018,2,6,2,2,123
2018,2,6,2,3,39
2018,2,6,2,4,12
2018,2,6,2,5,3
2018,2,6,2,6,12
2018,2,6,2,7,12
2018,2,6,2,8,9
2018,2,6,2,9,45
2018,2,6,2,12,3
2018,2,6,2,13,42
2018,2,6,2,14,12
2018,2,6,2,15,3
2018,2,6,2,16,3
2018,2,6,2,17,3
2018,2,6,2,18,6
2018,2,6,2,99,..C
2018,2,6,2,9999,336
2018,2,6,2,77,336
2018,2,6,9,1,18
2018,2,6,9,2,252
2018,2,6,9,3,78
2018,2,6,9,4,30
2018,2,6,9,5,3
2018,2,6,9,6,24
2018,2,6,9,7,21
2018,2,6,9,8,27
2018,2,6,9,9,96
2018,2,6,9,12,3
2018,2,6,9,13,102
2018,2,6,9,14,30
2018,2,6,9,15,12
2018,2,6,9,16,12
2018,2,6,9,17,6
2018,2,6,9,18,9
2018,2,6,9,99,..C
2018,2,6,9,9999,729
2018,2,6,9,77,729
2018,2,9,1,1,0
2018,2,9,1,2,0
2018,2,9,1,3,0
2018,2,9,1,4,0
2018,2,9,1,5,0
2018,2,9,1,6,0
2018,2,9,1,7,0
2018,2,9,1,8,0
2018,2,9,1,9,0
2018,2,9,1,12,0
2018,2,9,1,13,0
2018,2,9,1,14,0
2018,2,9,1,15,0
2018,2,9,1,16,0
2018,2,9,1,17,0
2018,2,9,1,18,0
2018,2,9,1,99,..C
2018,2,9,1,9999,3
2018,2,9,1,77,3
2018,2,9,2,1,0
2018,2,9,2,2,0
2018,2,9,2,3,0
2018,2,9,2,4,0
2018,2,9,2,5,0
2018,2,9,2,6,0
2018,2,9,2,7,0
2018,2,9,2,8,0
2018,2,9,2,9,0
2018,2,9,2,12,0
2018,2,9,2,13,3
2018,2,9,2,14,0
2018,2,9,2,15,0
2018,2,9,2,16,0
2018,2,9,2,17,0
2018,2,9,2,18,0
2018,2,9,2,99,..C
2018,2,9,2,9999,3
2018,2,9,2,77,3
2018,2,9,9,1,0
2018,2,9,9,2,0
2018,2,9,9,3,0
2018,2,9,9,4,0
2018,2,9,9,5,0
2018,2,9,9,6,0
2018,2,9,9,7,0
2018,2,9,9,8,0
2018,2,9,9,9,0
2018,2,9,9,12,0
2018,2,9,9,13,3
2018,2,9,9,14,0
2018,2,9,9,15,0
2018,2,9,9,16,0
2018,2,9,9,17,0
2018,2,9,9,18,0
2018,2,9,9,99,..C
2018,2,9,9,9999,6
2018,2,9,9,77,6
2018,2,77,1,1,1149
2018,2,77,1,2,10398
2018,2,77,1,3,3243
2018,2,77,1,4,2085
2018,2,77,1,5,384
2018,2,77,1,6,1086
2018,2,77,1,7,801
2018,2,77,1,8,1581
2018,2,77,1,9,3099
2018,2,77,1,12,174
2018,2,77,1,13,3627
2018,2,77,1,14,1248
2018,2,77,1,15,597
2018,2,77,1,16,273
2018,2,77,1,17,294
2018,2,77,1,18,270
2018,2,77,1,99,..C
2018,2,77,1,9999,30312
2018,2,77,1,77,30306
2018,2,77,2,1,1176
2018,2,77,2,2,9798
2018,2,77,2,3,3075
2018,2,77,2,4,1914
2018,2,77,2,5,375
2018,2,77,2,6,1026
2018,2,77,2,7,780
2018,2,77,2,8,1449
2018,2,77,2,9,2946
2018,2,77,2,12,174
2018,2,77,2,13,3438
2018,2,77,2,14,1155
2018,2,77,2,15,615
2018,2,77,2,16,255
2018,2,77,2,17,285
2018,2,77,2,18,240
2018,2,77,2,99,..C
2018,2,77,2,9999,28698
2018,2,77,2,77,28695
2018,2,77,9,1,2322
2018,2,77,9,2,20196
2018,2,77,9,3,6318
2018,2,77,9,4,3999
2018,2,77,9,5,756
2018,2,77,9,6,2112
2018,2,77,9,7,1581
2018,2,77,9,8,3030
2018,2,77,9,9,6042
2018,2,77,9,12,348
2018,2,77,9,13,7065
2018,2,77,9,14,2403
2018,2,77,9,15,1209
2018,2,77,9,16,528
2018,2,77,9,17,579
2018,2,77,9,18,513
2018,2,77,9,99,6
2018,2,77,9,9999,59010
2018,2,77,9,77,59004
2018,2,9999,1,1,1149
2018,2,9999,1,2,10401
2018,2,9999,1,3,3243
2018,2,9999,1,4,2085
2018,2,9999,1,5,384
2018,2,9999,1,6,1086
2018,2,9999,1,7,801
2018,2,9999,1,8,1581
2018,2,9999,1,9,3099
2018,2,9999,1,12,174
2018,2,9999,1,13,3627
2018,2,9999,1,14,1248
2018,2,9999,1,15,597
2018,2,9999,1,16,273
2018,2,9999,1,17,294
2018,2,9999,1,18,270
2018,2,9999,1,99,3
2018,2,9999,1,9999,30315
2018,2,9999,1,77,30309
2018,2,9999,2,1,1176
2018,2,9999,2,2,9798
2018,2,9999,2,3,3075
2018,2,9999,2,4,1914
2018,2,9999,2,5,375
2018,2,9999,2,6,1026
2018,2,9999,2,7,780
2018,2,9999,2,8,1449
2018,2,9999,2,9,2946
2018,2,9999,2,12,174
2018,2,9999,2,13,3441
2018,2,9999,2,14,1155
2018,2,9999,2,15,615
2018,2,9999,2,16,255
2018,2,9999,2,17,285
2018,2,9999,2,18,240
2018,2,9999,2,99,6
2018,2,9999,2,9999,28698
2018,2,9999,2,77,28695
2018,2,9999,9,1,2322
2018,2,9999,9,2,20196
2018,2,9999,9,3,6318
2018,2,9999,9,4,3999
2018,2,9999,9,5,756
2018,2,9999,9,6,2112
2018,2,9999,9,7,1581
2018,2,9999,9,8,3030
2018,2,9999,9,9,6045
2018,2,9999,9,12,348
2018,2,9999,9,13,7065
2018,2,9999,9,14,2403
2018,2,9999,9,15,1209
2018,2,9999,9,16,528
2018,2,9999,9,17,579
2018,2,9999,9,18,513
2018,2,9999,9,99,6
2018,2,9999,9,9999,59013
2018,2,9999,9,77,59007
2018,3,1,1,1,843
2018,3,1,1,2,5310
2018,3,1,1,3,2322
2018,3,1,1,4,1476
2018,3,1,1,5,210
2018,3,1,1,6,753
2018,3,1,1,7,717
2018,3,1,1,8,1176
2018,3,1,1,9,2223
2018,3,1,1,12,189
2018,3,1,1,13,2886
2018,3,1,1,14,1050
2018,3,1,1,15,501
2018,3,1,1,16,237
2018,3,1,1,17,228
2018,3,1,1,18,240
2018,3,1,1,99,..C
2018,3,1,1,9999,20367
2018,3,1,1,77,20364
2018,3,1,2,1,780
2018,3,1,2,2,4926
2018,3,1,2,3,2136
2018,3,1,2,4,1356
2018,3,1,2,5,189
2018,3,1,2,6,798
2018,3,1,2,7,690
2018,3,1,2,8,1176
2018,3,1,2,9,2091
2018,3,1,2,12,147
2018,3,1,2,13,2658
2018,3,1,2,14,1008
2018,3,1,2,15,504
2018,3,1,2,16,240
2018,3,1,2,17,234
2018,3,1,2,18,207
2018,3,1,2,99,..C
2018,3,1,2,9999,19140
2018,3,1,2,77,19137
2018,3,1,9,1,1623
2018,3,1,9,2,10236
2018,3,1,9,3,4458
2018,3,1,9,4,2832
2018,3,1,9,5,402
2018,3,1,9,6,1551
2018,3,1,9,7,1404
2018,3,1,9,8,2355
2018,3,1,9,9,4311
2018,3,1,9,12,336
2018,3,1,9,13,5547
2018,3,1,9,14,2055
2018,3,1,9,15,1005
2018,3,1,9,16,480
2018,3,1,9,17,462
2018,3,1,9,18,450
2018,3,1,9,99,6
2018,3,1,9,9999,39510
2018,3,1,9,77,39501
2018,3,2,1,1,687
2018,3,2,1,2,2055
2018,3,2,1,3,1230
2018,3,2,1,4,984
2018,3,2,1,5,249
2018,3,2,1,6,474
2018,3,2,1,7,273
2018,3,2,1,8,618
2018,3,2,1,9,711
2018,3,2,1,12,45
2018,3,2,1,13,633
2018,3,2,1,14,180
2018,3,2,1,15,153
2018,3,2,1,16,45
2018,3,2,1,17,66
2018,3,2,1,18,78
2018,3,2,1,99,..C
2018,3,2,1,9999,8478
2018,3,2,1,77,8475
2018,3,2,2,1,645
2018,3,2,2,2,1836
2018,3,2,2,3,1113
2018,3,2,2,4,873
2018,3,2,2,5,231
2018,3,2,2,6,495
2018,3,2,2,7,279
2018,3,2,2,8,591
2018,3,2,2,9,645
2018,3,2,2,12,36
2018,3,2,2,13,522
2018,3,2,2,14,192
2018,3,2,2,15,144
2018,3,2,2,16,45
2018,3,2,2,17,45
2018,3,2,2,18,72
2018,3,2,2,99,..C
2018,3,2,2,9999,7770
2018,3,2,2,77,7764
2018,3,2,9,1,1329
2018,3,2,9,2,3891
2018,3,2,9,3,2343
2018,3,2,9,4,1860
2018,3,2,9,5,483
2018,3,2,9,6,969
2018,3,2,9,7,549
2018,3,2,9,8,1209
2018,3,2,9,9,1356
2018,3,2,9,12,84
2018,3,2,9,13,1155
2018,3,2,9,14,372
2018,3,2,9,15,294
2018,3,2,9,16,90
2018,3,2,9,17,108
2018,3,2,9,18,150
2018,3,2,9,99,6
2018,3,2,9,9999,16251
2018,3,2,9,77,16242
2018,3,3,1,1,114
2018,3,3,1,2,2733
2018,3,3,1,3,300
2018,3,3,1,4,150
2018,3,3,1,5,39
2018,3,3,1,6,114
2018,3,3,1,7,36
2018,3,3,1,8,138
2018,3,3,1,9,435
2018,3,3,1,12,6
2018,3,3,1,13,240
2018,3,3,1,14,66
2018,3,3,1,15,36
2018,3,3,1,16,9
2018,3,3,1,17,15
2018,3,3,1,18,21
2018,3,3,1,99,..C
2018,3,3,1,9999,4455
2018,3,3,1,77,4455
2018,3,3,2,1,111
2018,3,3,2,2,2496
2018,3,3,2,3,264
2018,3,3,2,4,147
2018,3,3,2,5,30
2018,3,3,2,6,108
2018,3,3,2,7,39
2018,3,3,2,8,114
2018,3,3,2,9,390
2018,3,3,2,12,6
2018,3,3,2,13,207
2018,3,3,2,14,69
2018,3,3,2,15,24
2018,3,3,2,16,9
2018,3,3,2,17,12
2018,3,3,2,18,12
2018,3,3,2,99,..C
2018,3,3,2,9999,4044
2018,3,3,2,77,4044
2018,3,3,9,1,225
2018,3,3,9,2,5226
2018,3,3,9,3,567
2018,3,3,9,4,297
2018,3,3,9,5,69
2018,3,3,9,6,222
2018,3,3,9,7,75
2018,3,3,9,8,255
2018,3,3,9,9,825
2018,3,3,9,12,12
2018,3,3,9,13,447
2018,3,3,9,14,135
2018,3,3,9,15,60
2018,3,3,9,16,15
2018,3,3,9,17,27
2018,3,3,9,18,33
2018,3,3,9,99,..C
2018,3,3,9,9999,8496
2018,3,3,9,77,8496
2018,3,4,1,1,66
2018,3,4,1,2,3396
2018,3,4,1,3,405
2018,3,4,1,4,195
2018,3,4,1,5,12
2018,3,4,1,6,72
2018,3,4,1,7,66
2018,3,4,1,8,159
2018,3,4,1,9,543
2018,3,4,1,12,12
2018,3,4,1,13,513
2018,3,4,1,14,108
2018,3,4,1,15,51
2018,3,4,1,16,15
2018,3,4,1,17,33
2018,3,4,1,18,12
2018,3,4,1,99,..C
2018,3,4,1,9999,5658
2018,3,4,1,77,5658
2018,3,4,2,1,48
2018,3,4,2,2,3399
2018,3,4,2,3,357
2018,3,4,2,4,168
2018,3,4,2,5,12
2018,3,4,2,6,54
2018,3,4,2,7,63
2018,3,4,2,8,123
2018,3,4,2,9,528
2018,3,4,2,12,6
2018,3,4,2,13,498
2018,3,4,2,14,105
2018,3,4,2,15,39
2018,3,4,2,16,15
2018,3,4,2,17,24
2018,3,4,2,18,27
2018,3,4,2,99,..C
2018,3,4,2,9999,5466
2018,3,4,2,77,5466
2018,3,4,9,1,117
2018,3,4,9,2,6795
2018,3,4,9,3,762
2018,3,4,9,4,363
2018,3,4,9,5,24
2018,3,4,9,6,129
2018,3,4,9,7,129
2018,3,4,9,8,282
2018,3,4,9,9,1071
2018,3,4,9,12,15
2018,3,4,9,13,1011
2018,3,4,9,14,210
2018,3,4,9,15,90
2018,3,4,9,16,27
2018,3,4,9,17,57
2018,3,4,9,18,36
2018,3,4,9,99,..C
2018,3,4,9,9999,11121
2018,3,4,9,77,11121
2018,3,5,1,1,12
2018,3,5,1,2,339
2018,3,5,1,3,66
2018,3,5,1,4,24
2018,3,5,1,5,3
2018,3,5,1,6,9
2018,3,5,1,7,3
2018,3,5,1,8,15
2018,3,5,1,9,96
2018,3,5,1,12,3
2018,3,5,1,13,60
2018,3,5,1,14,27
2018,3,5,1,15,3
2018,3,5,1,16,3
2018,3,5,1,17,6
2018,3,5,1,18,6
2018,3,5,1,99,..C
2018,3,5,1,9999,678
2018,3,5,1,77,678
2018,3,5,2,1,9
2018,3,5,2,2,324
2018,3,5,2,3,54
2018,3,5,2,4,15
2018,3,5,2,5,3
2018,3,5,2,6,15
2018,3,5,2,7,9
2018,3,5,2,8,18
2018,3,5,2,9,72
2018,3,5,2,12,3
2018,3,5,2,13,60
2018,3,5,2,14,30
2018,3,5,2,15,3
2018,3,5,2,16,6
2018,3,5,2,17,3
2018,3,5,2,18,9
2018,3,5,2,99,..C
2018,3,5,2,9999,633
2018,3,5,2,77,633
2018,3,5,9,1,24
2018,3,5,9,2,663
2018,3,5,9,3,120
2018,3,5,9,4,39
2018,3,5,9,5,9
2018,3,5,9,6,27
2018,3,5,9,7,12
2018,3,5,9,8,33
2018,3,5,9,9,168
2018,3,5,9,12,3
2018,3,5,9,13,123
2018,3,5,9,14,54
2018,3,5,9,15,9
2018,3,5,9,16,6
2018,3,5,9,17,9
2018,3,5,9,18,12
2018,3,5,9,99,..C
2018,3,5,9,9999,1311
2018,3,5,9,77,1311
2018,3,6,1,1,15
2018,3,6,1,2,147
2018,3,6,1,3,33
2018,3,6,1,4,18
2018,3,6,1,5,0
2018,3,6,1,6,9
2018,3,6,1,7,12
2018,3,6,1,8,15
2018,3,6,1,9,42
2018,3,6,1,12,0
2018,3,6,1,13,57
2018,3,6,1,14,9
2018,3,6,1,15,12
2018,3,6,1,16,0
2018,3,6,1,17,0
2018,3,6,1,18,3
2018,3,6,1,99,..C
2018,3,6,1,9999,381
2018,3,6,1,77,381
2018,3,6,2,1,6
2018,3,6,2,2,114
2018,3,6,2,3,30
2018,3,6,2,4,27
2018,3,6,2,5,6
2018,3,6,2,6,6
2018,3,6,2,7,9
2018,3,6,2,8,15
2018,3,6,2,9,33
2018,3,6,2,12,0
2018,3,6,2,13,54
2018,3,6,2,14,15
2018,3,6,2,15,3
2018,3,6,2,16,3
2018,3,6,2,17,6
2018,3,6,2,18,6
2018,3,6,2,99,..C
2018,3,6,2,9999,330
2018,3,6,2,77,330
2018,3,6,9,1,21
2018,3,6,9,2,261
2018,3,6,9,3,63
2018,3,6,9,4,42
2018,3,6,9,5,6
2018,3,6,9,6,15
2018,3,6,9,7,21
2018,3,6,9,8,33
2018,3,6,9,9,75
2018,3,6,9,12,0
2018,3,6,9,13,108
2018,3,6,9,14,24
2018,3,6,9,15,12
2018,3,6,9,16,6
2018,3,6,9,17,9
2018,3,6,9,18,9
2018,3,6,9,99,..C
2018,3,6,9,9999,708
2018,3,6,9,77,708
2018,3,9,1,1,0
2018,3,9,1,2,0
2018,3,9,1,3,0
2018,3,9,1,4,0
2018,3,9,1,5,0
2018,3,9,1,6,0
2018,3,9,1,7,0
2018,3,9,1,8,0
2018,3,9,1,9,0
2018,3,9,1,12,0
2018,3,9,1,13,3
2018,3,9,1,14,3
2018,3,9,1,15,0
2018,3,9,1,16,3
2018,3,9,1,17,0
2018,3,9,1,18,0
2018,3,9,1,99,..C
2018,3,9,1,9999,6
2018,3,9,1,77,6
2018,3,9,2,1,0
2018,3,9,2,2,0
2018,3,9,2,3,3
2018,3,9,2,4,0
2018,3,9,2,5,0
2018,3,9,2,6,0
2018,3,9,2,7,0
2018,3,9,2,8,0
2018,3,9,2,9,0
2018,3,9,2,12,0
2018,3,9,2,13,3
2018,3,9,2,14,0
2018,3,9,2,15,0
2018,3,9,2,16,0
2018,3,9,2,17,0
2018,3,9,2,18,0
2018,3,9,2,99,..C
2018,3,9,2,9999,6
2018,3,9,2,77,6
2018,3,9,9,1,0
2018,3,9,9,2,0
2018,3,9,9,3,3
2018,3,9,9,4,0
2018,3,9,9,5,0
2018,3,9,9,6,0
2018,3,9,9,7,0
2018,3,9,9,8,0
2018,3,9,9,9,0
2018,3,9,9,12,0
2018,3,9,9,13,3
2018,3,9,9,14,3
2018,3,9,9,15,0
2018,3,9,9,16,3
2018,3,9,9,17,0
2018,3,9,9,18,0
2018,3,9,9,99,..C
2018,3,9,9,9999,9
2018,3,9,9,77,9
2018,3,77,1,1,1254
2018,3,77,1,2,10962
2018,3,77,1,3,3330
2018,3,77,1,4,2133
2018,3,77,1,5,375
2018,3,77,1,6,1083
2018,3,77,1,7,846
2018,3,77,1,8,1569
2018,3,77,1,9,3087
2018,3,77,1,12,207
2018,3,77,1,13,3660
2018,3,77,1,14,1206
2018,3,77,1,15,615
2018,3,77,1,16,249
2018,3,77,1,17,279
2018,3,77,1,18,273
2018,3,77,1,99,..C
2018,3,77,1,9999,31134
2018,3,77,1,77,31128
2018,3,77,2,1,1146
2018,3,77,2,2,10299
2018,3,77,2,3,3012
2018,3,77,2,4,1965
2018,3,77,2,5,339
2018,3,77,2,6,1119
2018,3,77,2,7,819
2018,3,77,2,8,1512
2018,3,77,2,9,2901
2018,3,77,2,12,165
2018,3,77,2,13,3321
2018,3,77,2,14,1179
2018,3,77,2,15,576
2018,3,77,2,16,261
2018,3,77,2,17,270
2018,3,77,2,18,252
2018,3,77,2,99,..C
2018,3,77,2,9999,29136
2018,3,77,2,77,29133
2018,3,77,9,1,2397
2018,3,77,9,2,21261
2018,3,77,9,3,6342
2018,3,77,9,4,4095
2018,3,77,9,5,714
2018,3,77,9,6,2202
2018,3,77,9,7,1665
2018,3,77,9,8,3084
2018,3,77,9,9,5991
2018,3,77,9,12,372
2018,3,77,9,13,6978
2018,3,77,9,14,2385
2018,3,77,9,15,1188
2018,3,77,9,16,510
2018,3,77,9,17,546
2018,3,77,9,18,525
2018,3,77,9,99,9
2018,3,77,9,9999,60270
2018,3,77,9,77,60258
2018,3,9999,1,1,1254
2018,3,9999,1,2,10962
2018,3,9999,1,3,3330
2018,3,9999,1,4,2133
2018,3,9999,1,5,375
2018,3,9999,1,6,1083
2018,3,9999,1,7,846
2018,3,9999,1,8,1569
2018,3,9999,1,9,3087
2018,3,9999,1,12,207
2018,3,9999,1,13,3660
2018,3,9999,1,14,1209
2018,3,9999,1,15,615
2018,3,9999,1,16,252
2018,3,9999,1,17,279
2018,3,9999,1,18,273
2018,3,9999,1,99,3
2018,3,9999,1,9999,31137
2018,3,9999,1,77,31134
2018,3,9999,2,1,1146
2018,3,9999,2,2,10299
2018,3,9999,2,3,3015
2018,3,9999,2,4,1965
2018,3,9999,2,5,339
2018,3,9999,2,6,1119
2018,3,9999,2,7,819
2018,3,9999,2,8,1512
2018,3,9999,2,9,2901
2018,3,9999,2,12,165
2018,3,9999,2,13,3321
2018,3,9999,2,14,1179
2018,3,9999,2,15,576
2018,3,9999,2,16,261
2018,3,9999,2,17,270
2018,3,9999,2,18,252
2018,3,9999,2,99,6
2018,3,9999,2,9999,29139
2018,3,9999,2,77,29136
2018,3,9999,9,1,2400
2018,3,9999,9,2,21261
2018,3,9999,9,3,6345
2018,3,9999,9,4,4095
2018,3,9999,9,5,714
2018,3,9999,9,6,2202
2018,3,9999,9,7,1665
2018,3,9999,9,8,3084
2018,3,9999,9,9,5991
2018,3,9999,9,12,372
2018,3,9999,9,13,6981
2018,3,9999,9,14,2388
2018,3,9999,9,15,1188
2018,3,9999,9,16,513
2018,3,9999,9,17,546
2018,3,9999,9,18,525
2018,3,9999,9,99,9
2018,3,9999,9,9999,60279
2018,3,9999,9,77,60270
2018,4,1,1,1,792
2018,4,1,1,2,5310
2018,4,1,1,3,2187
2018,4,1,1,4,1440
2018,4,1,1,5,204
2018,4,1,1,6,783
2018,4,1,1,7,657
2018,4,1,1,8,1185
2018,4,1,1,9,2229
2018,4,1,1,12,162
2018,4,1,1,13,2865
2018,4,1,1,14,1068
2018,4,1,1,15,579
2018,4,1,1,16,291
2018,4,1,1,17,249
2018,4,1,1,18,210
2018,4,1,1,99,..C
2018,4,1,1,9999,20211
2018,4,1,1,77,20208
2018,4,1,2,1,816
2018,4,1,2,2,5043
2018,4,1,2,3,2223
2018,4,1,2,4,1413
2018,4,1,2,5,189
2018,4,1,2,6,801
2018,4,1,2,7,693
2018,4,1,2,8,1131
2018,4,1,2,9,2163
2018,4,1,2,12,168
2018,4,1,2,13,2682
2018,4,1,2,14,1059
2018,4,1,2,15,531
2018,4,1,2,16,255
2018,4,1,2,17,255
2018,4,1,2,18,249
2018,4,1,2,99,..C
2018,4,1,2,9999,19674
2018,4,1,2,77,19671
2018,4,1,9,1,1605
2018,4,1,9,2,10356
2018,4,1,9,3,4410
2018,4,1,9,4,2853
2018,4,1,9,5,390
2018,4,1,9,6,1584
2018,4,1,9,7,1347
2018,4,1,9,8,2313
2018,4,1,9,9,4392
2018,4,1,9,12,333
2018,4,1,9,13,5547
2018,4,1,9,14,2127
2018,4,1,9,15,1110
2018,4,1,9,16,549
2018,4,1,9,17,504
2018,4,1,9,18,456
2018,4,1,9,99,..C
2018,4,1,9,9999,39885
2018,4,1,9,77,39879
2018,4,2,1,1,678
2018,4,2,1,2,1971
2018,4,2,1,3,1191
2018,4,2,1,4,930
2018,4,2,1,5,222
2018,4,2,1,6,522
2018,4,2,1,7,285
2018,4,2,1,8,567
2018,4,2,1,9,741
2018,4,2,1,12,36
2018,4,2,1,13,630
2018,4,2,1,14,219
2018,4,2,1,15,168
2018,4,2,1,16,54
2018,4,2,1,17,51
2018,4,2,1,18,60
2018,4,2,1,99,..C
2018,4,2,1,9999,8328
2018,4,2,1,77,8325
2018,4,2,2,1,648
2018,4,2,2,2,1842
2018,4,2,2,3,1104
2018,4,2,2,4,927
2018,4,2,2,5,243
2018,4,2,2,6,486
2018,4,2,2,7,252
2018,4,2,2,8,555
2018,4,2,2,9,732
2018,4,2,2,12,54
2018,4,2,2,13,624
2018,4,2,2,14,213
2018,4,2,2,15,162
2018,4,2,2,16,45
2018,4,2,2,17,63
2018,4,2,2,18,69
2018,4,2,2,99,..C
2018,4,2,2,9999,8022
2018,4,2,2,77,8022
2018,4,2,9,1,1326
2018,4,2,9,2,3813
2018,4,2,9,3,2295
2018,4,2,9,4,1857
2018,4,2,9,5,465
2018,4,2,9,6,1011
2018,4,2,9,7,537
2018,4,2,9,8,1122
2018,4,2,9,9,1476
2018,4,2,9,12,90
2018,4,2,9,13,1254
2018,4,2,9,14,432
2018,4,2,9,15,330
2018,4,2,9,16,99
2018,4,2,9,17,114
2018,4,2,9,18,129
2018,4,2,9,99,..C
2018,4,2,9,9999,16350
2018,4,2,9,77,16344
2018,4,3,1,1,99
2018,4,3,1,2,2697
2018,4,3,1,3,273
2018,4,3,1,4,147
2018,4,3,1,5,33
2018,4,3,1,6,144
2018,4,3,1,7,33
2018,4,3,1,8,159
2018,4,3,1,9,459
2018,4,3,1,12,12
2018,4,3,1,13,234
2018,4,3,1,14,63
2018,4,3,1,15,27
2018,4,3,1,16,6
2018,4,3,1,17,9
2018,4,3,1,18,18
2018,4,3,1,99,..C
2018,4,3,1,9999,4410
2018,4,3,1,77,4410
2018,4,3,2,1,123
2018,4,3,2,2,2511
2018,4,3,2,3,270
2018,4,3,2,4,156
2018,4,3,2,5,18
2018,4,3,2,6,108
2018,4,3,2,7,33
2018,4,3,2,8,129
2018,4,3,2,9,450
2018,4,3,2,12,3
2018,4,3,2,13,210
2018,4,3,2,14,69
2018,4,3,2,15,27
2018,4,3,2,16,9
2018,4,3,2,17,18
2018,4,3,2,18,12
2018,4,3,2,99,..C
2018,4,3,2,9999,4152
2018,4,3,2,77,4152
2018,4,3,9,1,219
2018,4,3,9,2,5205
2018,4,3,9,3,543
2018,4,3,9,4,306
2018,4,3,9,5,51
2018,4,3,9,6,255
2018,4,3,9,7,69
2018,4,3,9,8,288
2018,4,3,9,9,909
2018,4,3,9,12,15
2018,4,3,9,13,444
2018,4,3,9,14,129
2018,4,3,9,15,54
2018,4,3,9,16,15
2018,4,3,9,17,27
2018,4,3,9,18,33
2018,4,3,9,99,..C
2018,4,3,9,9999,8562
2018,4,3,9,77,8562
2018,4,4,1,1,60
2018,4,4,1,2,3141
2018,4,4,1,3,351
2018,4,4,1,4,207
2018,4,4,1,5,12
2018,4,4,1,6,72
2018,4,4,1,7,66
2018,4,4,1,8,129
2018,4,4,1,9,492
2018,4,4,1,12,12
2018,4,4,1,13,510
2018,4,4,1,14,105
2018,4,4,1,15,54
2018,4,4,1,16,12
2018,4,4,1,17,33
2018,4,4,1,18,12
2018,4,4,1,99,..C
2018,4,4,1,9999,5265
2018,4,4,1,77,5265
2018,4,4,2,1,57
2018,4,4,2,2,3030
2018,4,4,2,3,363
2018,4,4,2,4,171
2018,4,4,2,5,12
2018,4,4,2,6,63
2018,4,4,2,7,51
2018,4,4,2,8,120
2018,4,4,2,9,501
2018,4,4,2,12,6
2018,4,4,2,13,480
2018,4,4,2,14,90
2018,4,4,2,15,51
2018,4,4,2,16,9
2018,4,4,2,17,36
2018,4,4,2,18,21
2018,4,4,2,99,..C
2018,4,4,2,9999,5058
2018,4,4,2,77,5058
2018,4,4,9,1,117
2018,4,4,9,2,6171
2018,4,4,9,3,714
2018,4,4,9,4,378
2018,4,4,9,5,24
2018,4,4,9,6,132
2018,4,4,9,7,117
2018,4,4,9,8,249
2018,4,4,9,9,990
2018,4,4,9,12,15
2018,4,4,9,13,987
2018,4,4,9,14,195
2018,4,4,9,15,105
2018,4,4,9,16,24
2018,4,4,9,17,72
2018,4,4,9,18,33
2018,4,4,9,99,..C
2018,4,4,9,9999,10323
2018,4,4,9,77,10323
2018,4,5,1,1,9
2018,4,5,1,2,303
2018,4,5,1,3,66
2018,4,5,1,4,18
2018,4,5,1,5,3
2018,4,5,1,6,12
2018,4,5,1,7,6
2018,4,5,1,8,18
2018,4,5,1,9,96
2018,4,5,1,12,3
2018,4,5,1,13,63
2018,4,5,1,14,36
2018,4,5,1,15,9
2018,4,5,1,16,3
2018,4,5,1,17,6
2018,4,5,1,18,6
2018,4,5,1,99,..C
2018,4,5,1,9999,648
2018,4,5,1,77,648
2018,4,5,2,1,9
2018,4,5,2,2,309
2018,4,5,2,3,63
2018,4,5,2,4,27
2018,4,5,2,5,3
2018,4,5,2,6,9
2018,4,5,2,7,6
2018,4,5,2,8,21
2018,4,5,2,9,72
2018,4,5,2,12,0
2018,4,5,2,13,57
2018,4,5,2,14,33
2018,4,5,2,15,6
2018,4,5,2,16,6
2018,4,5,2,17,6
2018,4,5,2,18,9
2018,4,5,2,99,..C
2018,4,5,2,9999,633
2018,4,5,2,77,633
2018,4,5,9,1,15
2018,4,5,9,2,615
2018,4,5,9,3,126
2018,4,5,9,4,42
2018,4,5,9,5,6
2018,4,5,9,6,18
2018,4,5,9,7,12
2018,4,5,9,8,42
2018,4,5,9,9,165
2018,4,5,9,12,0
2018,4,5,9,13,120
2018,4,5,9,14,66
2018,4,5,9,15,15
2018,4,5,9,16,6
2018,4,5,9,17,9
2018,4,5,9,18,12
2018,4,5,9,99,..C
2018,4,5,9,9999,1278
2018,4,5,9,77,1278
2018,4,6,1,1,3
2018,4,6,1,2,120
2018,4,6,1,3,33
2018,4,6,1,4,18
2018,4,6,1,5,3
2018,4,6,1,6,15
2018,4,6,1,7,9
2018,4,6,1,8,27
2018,4,6,1,9,57
2018,4,6,1,12,3
2018,4,6,1,13,51
2018,4,6,1,14,15
2018,4,6,1,15,6
2018,4,6,1,16,3
2018,4,6,1,17,6
2018,4,6,1,18,0
2018,4,6,1,99,..C
2018,4,6,1,9999,366
2018,4,6,1,77,366
2018,4,6,2,1,9
2018,4,6,2,2,111
2018,4,6,2,3,33
2018,4,6,2,4,21
2018,4,6,2,5,3
2018,4,6,2,6,6
2018,4,6,2,7,6
2018,4,6,2,8,15
2018,4,6,2,9,48
2018,4,6,2,12,0
2018,4,6,2,13,48
2018,4,6,2,14,24
2018,4,6,2,15,3
2018,4,6,2,16,3
2018,4,6,2,17,9
2018,4,6,2,18,3
2018,4,6,2,99,..C
2018,4,6,2,9999,345
2018,4,6,2,77,345
2018,4,6,9,1,12
2018,4,6,9,2,231
2018,4,6,9,3,66
2018,4,6,9,4,39
2018,4,6,9,5,6
2018,4,6,9,6,21
2018,4,6,9,7,18
2018,4,6,9,8,42
2018,4,6,9,9,105
2018,4,6,9,12,3
2018,4,6,9,13,102
2018,4,6,9,14,39
2018,4,6,9,15,12
2018,4,6,9,16,6
2018,4,6,9,17,12
2018,4,6,9,18,3
2018,4,6,9,99,..C
2018,4,6,9,9999,711
2018,4,6,9,77,711
2018,4,9,1,1,0
2018,4,9,1,2,3
2018,4,9,1,3,0
2018,4,9,1,4,0
2018,4,9,1,5,0
2018,4,9,1,6,0
2018,4,9,1,7,0
2018,4,9,1,8,0
2018,4,9,1,9,0
2018,4,9,1,12,3
2018,4,9,1,13,3
2018,4,9,1,14,0
2018,4,9,1,15,0
2018,4,9,1,16,0
2018,4,9,1,17,0
2018,4,9,1,18,0
2018,4,9,1,99,..C
2018,4,9,1,9999,6
2018,4,9,1,77,6
2018,4,9,2,1,0
2018,4,9,2,2,0
2018,4,9,2,3,0
2018,4,9,2,4,0
2018,4,9,2,5,0
2018,4,9,2,6,0
2018,4,9,2,7,0
2018,4,9,2,8,0
2018,4,9,2,9,0
2018,4,9,2,12,3
2018,4,9,2,13,3
2018,4,9,2,14,0
2018,4,9,2,15,0
2018,4,9,2,16,0
2018,4,9,2,17,0
2018,4,9,2,18,3
2018,4,9,2,99,..C
2018,4,9,2,9999,6
2018,4,9,2,77,6
2018,4,9,9,1,0
2018,4,9,9,2,3
2018,4,9,9,3,0
2018,4,9,9,4,0
2018,4,9,9,5,0
2018,4,9,9,6,0
2018,4,9,9,7,0
2018,4,9,9,8,0
2018,4,9,9,9,0
2018,4,9,9,12,3
2018,4,9,9,13,3
2018,4,9,9,14,0
2018,4,9,9,15,0
2018,4,9,9,16,0
2018,4,9,9,17,0
2018,4,9,9,18,3
2018,4,9,9,99,..C
2018,4,9,9,9999,12
2018,4,9,9,77,12
2018,4,77,1,1,1197
2018,4,77,1,2,10734
2018,4,77,1,3,3132
2018,4,77,1,4,2109
2018,4,77,1,5,363
2018,4,77,1,6,1179
2018,4,77,1,7,813
2018,4,77,1,8,1578
2018,4,77,1,9,3156
2018,4,77,1,12,183
2018,4,77,1,13,3609
2018,4,77,1,14,1254
2018,4,77,1,15,678
2018,4,77,1,16,315
2018,4,77,1,17,291
2018,4,77,1,18,243
2018,4,77,1,99,..C
2018,4,77,1,9999,30843
2018,4,77,1,77,30840
2018,4,77,2,1,1188
2018,4,77,2,2,10104
2018,4,77,2,3,3111
2018,4,77,2,4,2043
2018,4,77,2,5,351
2018,4,77,2,6,1137
2018,4,77,2,7,810
2018,4,77,2,8,1470
2018,4,77,2,9,3018
2018,4,77,2,12,186
2018,4,77,2,13,3360
2018,4,77,2,14,1224
2018,4,77,2,15,624
2018,4,77,2,16,270
2018,4,77,2,17,306
2018,4,77,2,18,294
2018,4,77,2,99,..C
2018,4,77,2,9999,29493
2018,4,77,2,77,29490
2018,4,77,9,1,2385
2018,4,77,9,2,20838
2018,4,77,9,3,6243
2018,4,77,9,4,4152
2018,4,77,9,5,714
2018,4,77,9,6,2316
2018,4,77,9,7,1620
2018,4,77,9,8,3048
2018,4,77,9,9,6174
2018,4,77,9,12,369
2018,4,77,9,13,6969
2018,4,77,9,14,2475
2018,4,77,9,15,1305
2018,4,77,9,16,582
2018,4,77,9,17,600
2018,4,77,9,18,537
2018,4,77,9,99,6
2018,4,77,9,9999,60336
2018,4,77,9,77,60330
2018,4,9999,1,1,1200
2018,4,9999,1,2,10740
2018,4,9999,1,3,3132
2018,4,9999,1,4,2109
2018,4,9999,1,5,363
2018,4,9999,1,6,1179
2018,4,9999,1,7,813
2018,4,9999,1,8,1578
2018,4,9999,1,9,3156
2018,4,9999,1,12,183
2018,4,9999,1,13,3612
2018,4,9999,1,14,1254
2018,4,9999,1,15,678
2018,4,9999,1,16,315
2018,4,9999,1,17,291
2018,4,9999,1,18,243
2018,4,9999,1,99,3
2018,4,9999,1,9999,30852
2018,4,9999,1,77,30846
2018,4,9999,2,1,1188
2018,4,9999,2,2,10104
2018,4,9999,2,3,3114
2018,4,9999,2,4,2043
2018,4,9999,2,5,351
2018,4,9999,2,6,1137
2018,4,9999,2,7,810
2018,4,9999,2,8,1470
2018,4,9999,2,9,3018
2018,4,9999,2,12,189
2018,4,9999,2,13,3363
2018,4,9999,2,14,1224
2018,4,9999,2,15,624
2018,4,9999,2,16,270
2018,4,9999,2,17,306
2018,4,9999,2,18,297
2018,4,9999,2,99,3
2018,4,9999,2,9999,29499
2018,4,9999,2,77,29499
2018,4,9999,9,1,2385
2018,4,9999,9,2,20841
2018,4,9999,9,3,6243
2018,4,9999,9,4,4152
2018,4,9999,9,5,714
2018,4,9999,9,6,2316
2018,4,9999,9,7,1620
2018,4,9999,9,8,3048
2018,4,9999,9,9,6177
2018,4,9999,9,12,372
2018,4,9999,9,13,6972
2018,4,9999,9,14,2475
2018,4,9999,9,15,1305
2018,4,9999,9,16,582
2018,4,9999,9,17,600
2018,4,9999,9,18,537
2018,4,9999,9,99,6
2018,4,9999,9,9999,60348
2018,4,9999,9,77,60345
2018,5,1,1,1,882
2018,5,1,1,2,5631
2018,5,1,1,3,2394
2018,5,1,1,4,1503
2018,5,1,1,5,207
2018,5,1,1,6,849
2018,5,1,1,7,744
2018,5,1,1,8,1308
2018,5,1,1,9,2424
2018,5,1,1,12,177
2018,5,1,1,13,2997
2018,5,1,1,14,1146
2018,5,1,1,15,585
2018,5,1,1,16,273
2018,5,1,1,17,267
2018,5,1,1,18,237
2018,5,1,1,99,..C
2018,5,1,1,9999,21624
2018,5,1,1,77,21624
2018,5,1,2,1,855
2018,5,1,2,2,5217
2018,5,1,2,3,2331
2018,5,1,2,4,1524
2018,5,1,2,5,204
2018,5,1,2,6,876
2018,5,1,2,7,675
2018,5,1,2,8,1212
2018,5,1,2,9,2271
2018,5,1,2,12,159
2018,5,1,2,13,2901
2018,5,1,2,14,1107
2018,5,1,2,15,552
2018,5,1,2,16,282
2018,5,1,2,17,225
2018,5,1,2,18,252
2018,5,1,2,99,6
2018,5,1,2,9999,20655
2018,5,1,2,77,20649
2018,5,1,9,1,1737
2018,5,1,9,2,10851
2018,5,1,9,3,4728
2018,5,1,9,4,3027
2018,5,1,9,5,414
2018,5,1,9,6,1722
2018,5,1,9,7,1416
2018,5,1,9,8,2523
2018,5,1,9,9,4698
2018,5,1,9,12,339
2018,5,1,9,13,5901
2018,5,1,9,14,2250
2018,5,1,9,15,1137
2018,5,1,9,16,552
2018,5,1,9,17,492
2018,5,1,9,18,489
2018,5,1,9,99,9
2018,5,1,9,9999,42279
2018,5,1,9,77,42270
2018,5,2,1,1,726
2018,5,2,1,2,2121
2018,5,2,1,3,1272
2018,5,2,1,4,1032
2018,5,2,1,5,249
2018,5,2,1,6,501
2018,5,2,1,7,303
2018,5,2,1,8,651
2018,5,2,1,9,840
2018,5,2,1,12,45
2018,5,2,1,13,621
2018,5,2,1,14,213
2018,5,2,1,15,180
2018,5,2,1,16,48
2018,5,2,1,17,75
2018,5,2,1,18,75
2018,5,2,1,99,..C
2018,5,2,1,9999,8958
2018,5,2,1,77,8955
2018,5,2,2,1,708
2018,5,2,2,2,1917
2018,5,2,2,3,1266
2018,5,2,2,4,972
2018,5,2,2,5,249
2018,5,2,2,6,552
2018,5,2,2,7,249
2018,5,2,2,8,597
2018,5,2,2,9,711
2018,5,2,2,12,39
2018,5,2,2,13,618
2018,5,2,2,14,228
2018,5,2,2,15,171
2018,5,2,2,16,42
2018,5,2,2,17,48
2018,5,2,2,18,69
2018,5,2,2,99,6
2018,5,2,2,9999,8445
2018,5,2,2,77,8442
2018,5,2,9,1,1437
2018,5,2,9,2,4035
2018,5,2,9,3,2535
2018,5,2,9,4,2004
2018,5,2,9,5,498
2018,5,2,9,6,1050
2018,5,2,9,7,552
2018,5,2,9,8,1248
2018,5,2,9,9,1548
2018,5,2,9,12,87
2018,5,2,9,13,1239
2018,5,2,9,14,441
2018,5,2,9,15,354
2018,5,2,9,16,90
2018,5,2,9,17,126
2018,5,2,9,18,147
2018,5,2,9,99,9
2018,5,2,9,9999,17406
2018,5,2,9,77,17397
2018,5,3,1,1,117
2018,5,3,1,2,2790
2018,5,3,1,3,294
2018,5,3,1,4,177
2018,5,3,1,5,36
2018,5,3,1,6,120
2018,5,3,1,7,42
2018,5,3,1,8,144
2018,5,3,1,9,468
2018,5,3,1,12,6
2018,5,3,1,13,225
2018,5,3,1,14,72
2018,5,3,1,15,36
2018,5,3,1,16,6
2018,5,3,1,17,24
2018,5,3,1,18,21
2018,5,3,1,99,..C
2018,5,3,1,9999,4575
2018,5,3,1,77,4575
2018,5,3,2,1,126
2018,5,3,2,2,2664
2018,5,3,2,3,279
2018,5,3,2,4,162
2018,5,3,2,5,30
2018,5,3,2,6,120
2018,5,3,2,7,36
2018,5,3,2,8,135
2018,5,3,2,9,432
2018,5,3,2,12,3
2018,5,3,2,13,234
2018,5,3,2,14,75
2018,5,3,2,15,33
2018,5,3,2,16,18
2018,5,3,2,17,15
2018,5,3,2,18,18
2018,5,3,2,99,..C
2018,5,3,2,9999,4374
2018,5,3,2,77,4374
2018,5,3,9,1,243
2018,5,3,9,2,5451
2018,5,3,9,3,570
2018,5,3,9,4,336
2018,5,3,9,5,66
2018,5,3,9,6,240
2018,5,3,9,7,78
2018,5,3,9,8,279
2018,5,3,9,9,903
2018,5,3,9,12,12
2018,5,3,9,13,459
2018,5,3,9,14,147
2018,5,3,9,15,69
2018,5,3,9,16,24
2018,5,3,9,17,39
2018,5,3,9,18,39
2018,5,3,9,99,..C
2018,5,3,9,9999,8952
2018,5,3,9,77,8952
2018,5,4,1,1,63
2018,5,4,1,2,3474
2018,5,4,1,3,423
2018,5,4,1,4,201
2018,5,4,1,5,9
2018,5,4,1,6,75
2018,5,4,1,7,54
2018,5,4,1,8,138
2018,5,4,1,9,576
2018,5,4,1,12,9
2018,5,4,1,13,543
2018,5,4,1,14,105
2018,5,4,1,15,51
2018,5,4,1,16,9
2018,5,4,1,17,33
2018,5,4,1,18,15
2018,5,4,1,99,..C
2018,5,4,1,9999,5784
2018,5,4,1,77,5784
2018,5,4,2,1,78
2018,5,4,2,2,3339
2018,5,4,2,3,420
2018,5,4,2,4,174
2018,5,4,2,5,15
2018,5,4,2,6,66
2018,5,4,2,7,57
2018,5,4,2,8,144
2018,5,4,2,9,549
2018,5,4,2,12,9
2018,5,4,2,13,564
2018,5,4,2,14,111
2018,5,4,2,15,48
2018,5,4,2,16,12
2018,5,4,2,17,45
2018,5,4,2,18,15
2018,5,4,2,99,..C
2018,5,4,2,9999,5643
2018,5,4,2,77,5643
2018,5,4,9,1,141
2018,5,4,9,2,6810
2018,5,4,9,3,843
2018,5,4,9,4,375
2018,5,4,9,5,24
2018,5,4,9,6,141
2018,5,4,9,7,114
2018,5,4,9,8,285
2018,5,4,9,9,1122
2018,5,4,9,12,21
2018,5,4,9,13,1107
2018,5,4,9,14,216
2018,5,4,9,15,102
2018,5,4,9,16,24
2018,5,4,9,17,75
2018,5,4,9,18,30
2018,5,4,9,99,..C
2018,5,4,9,9999,11430
2018,5,4,9,77,11430
2018,5,5,1,1,12
2018,5,5,1,2,297
2018,5,5,1,3,60
2018,5,5,1,4,24
2018,5,5,1,5,3
2018,5,5,1,6,9
2018,5,5,1,7,9
2018,5,5,1,8,18
2018,5,5,1,9,102
2018,5,5,1,12,0
2018,5,5,1,13,66
2018,5,5,1,14,39
2018,5,5,1,15,6
2018,5,5,1,16,3
2018,5,5,1,17,6
2018,5,5,1,18,3
2018,5,5,1,99,..C
2018,5,5,1,9999,666
2018,5,5,1,77,666
2018,5,5,2,1,12
2018,5,5,2,2,318
2018,5,5,2,3,57
2018,5,5,2,4,21
2018,5,5,2,5,3
2018,5,5,2,6,15
2018,5,5,2,7,9
2018,5,5,2,8,12
2018,5,5,2,9,84
2018,5,5,2,12,0
2018,5,5,2,13,66
2018,5,5,2,14,36
2018,5,5,2,15,6
2018,5,5,2,16,3
2018,5,5,2,17,3
2018,5,5,2,18,6
2018,5,5,2,99,..C
2018,5,5,2,9999,654
2018,5,5,2,77,654
2018,5,5,9,1,27
2018,5,5,9,2,618
2018,5,5,9,3,117
2018,5,5,9,4,45
2018,5,5,9,5,6
2018,5,5,9,6,24
2018,5,5,9,7,18
2018,5,5,9,8,33
2018,5,5,9,9,189
2018,5,5,9,12,3
2018,5,5,9,13,132
2018,5,5,9,14,75
2018,5,5,9,15,12
2018,5,5,9,16,3
2018,5,5,9,17,9
2018,5,5,9,18,9
2018,5,5,9,99,..C
2018,5,5,9,9999,1320
2018,5,5,9,77,1320
2018,5,6,1,1,18
2018,5,6,1,2,135
2018,5,6,1,3,36
2018,5,6,1,4,30
2018,5,6,1,5,6
2018,5,6,1,6,9
2018,5,6,1,7,6
2018,5,6,1,8,21
2018,5,6,1,9,54
2018,5,6,1,12,3
2018,5,6,1,13,60
2018,5,6,1,14,18
2018,5,6,1,15,6
2018,5,6,1,16,9
2018,5,6,1,17,6
2018,5,6,1,18,6
2018,5,6,1,99,..C
2018,5,6,1,9999,426
2018,5,6,1,77,426
2018,5,6,2,1,15
2018,5,6,2,2,135
2018,5,6,2,3,39
2018,5,6,2,4,24
2018,5,6,2,5,0
2018,5,6,2,6,9
2018,5,6,2,7,12
2018,5,6,2,8,18
2018,5,6,2,9,57
2018,5,6,2,12,3
2018,5,6,2,13,48
2018,5,6,2,14,21
2018,5,6,2,15,9
2018,5,6,2,16,3
2018,5,6,2,17,3
2018,5,6,2,18,3
2018,5,6,2,99,..C
2018,5,6,2,9999,402
2018,5,6,2,77,402
2018,5,6,9,1,30
2018,5,6,9,2,267
2018,5,6,9,3,72
2018,5,6,9,4,54
2018,5,6,9,5,9
2018,5,6,9,6,18
2018,5,6,9,7,21
2018,5,6,9,8,42
2018,5,6,9,9,111
2018,5,6,9,12,6
2018,5,6,9,13,108
2018,5,6,9,14,42
2018,5,6,9,15,15
2018,5,6,9,16,12
2018,5,6,9,17,9
2018,5,6,9,18,12
2018,5,6,9,99,..C
2018,5,6,9,9999,828
2018,5,6,9,77,828
2018,5,9,1,1,0
2018,5,9,1,2,0
2018,5,9,1,3,3
2018,5,9,1,4,0
2018,5,9,1,5,0
2018,5,9,1,6,0
2018,5,9,1,7,0
2018,5,9,1,8,0
2018,5,9,1,9,0
2018,5,9,1,12,0
2018,5,9,1,13,0
2018,5,9,1,14,0
2018,5,9,1,15,0
2018,5,9,1,16,0
2018,5,9,1,17,0
2018,5,9,1,18,0
2018,5,9,1,99,..C
2018,5,9,1,9999,6
2018,5,9,1,77,6
2018,5,9,2,1,3
2018,5,9,2,2,0
2018,5,9,2,3,0
2018,5,9,2,4,0
2018,5,9,2,5,0
2018,5,9,2,6,3
2018,5,9,2,7,0
2018,5,9,2,8,0
2018,5,9,2,9,0
2018,5,9,2,12,3
2018,5,9,2,13,0
2018,5,9,2,14,0
2018,5,9,2,15,0
2018,5,9,2,16,0
2018,5,9,2,17,0
2018,5,9,2,18,0
2018,5,9,2,99,..C
2018,5,9,2,9999,3
2018,5,9,2,77,3
2018,5,9,9,1,3
2018,5,9,9,2,0
2018,5,9,9,3,3
2018,5,9,9,4,0
2018,5,9,9,5,0
2018,5,9,9,6,3
2018,5,9,9,7,0
2018,5,9,9,8,0
2018,5,9,9,9,0
2018,5,9,9,12,3
2018,5,9,9,13,0
2018,5,9,9,14,0
2018,5,9,9,15,0
2018,5,9,9,16,0
2018,5,9,9,17,0
2018,5,9,9,18,0
2018,5,9,9,99,..C
2018,5,9,9,9999,9
2018,5,9,9,77,9
2018,5,77,1,1,1338
2018,5,77,1,2,11424
2018,5,77,1,3,3444
2018,5,77,1,4,2271
2018,5,77,1,5,378
2018,5,77,1,6,1206
2018,5,77,1,7,894
2018,5,77,1,8,1707
2018,5,77,1,9,3384
2018,5,77,1,12,198
2018,5,77,1,13,3777
2018,5,77,1,14,1335
2018,5,77,1,15,696
2018,5,77,1,16,294
2018,5,77,1,17,327
2018,5,77,1,18,273
2018,5,77,1,99,..C
2018,5,77,1,9999,32952
2018,5,77,1,77,32952
2018,5,77,2,1,1305
2018,5,77,2,2,10803
2018,5,77,2,3,3318
2018,5,77,2,4,2184
2018,5,77,2,5,360
2018,5,77,2,6,1260
2018,5,77,2,7,807
2018,5,77,2,8,1611
2018,5,77,2,9,3165
2018,5,77,2,12,183
2018,5,77,2,13,3663
2018,5,77,2,14,1284
2018,5,77,2,15,663
2018,5,77,2,16,303
2018,5,77,2,17,279
2018,5,77,2,18,282
2018,5,77,2,99,9
2018,5,77,2,9999,31476
2018,5,77,2,77,31470
2018,5,77,9,1,2643
2018,5,77,9,2,22230
2018,5,77,9,3,6762
2018,5,77,9,4,4458
2018,5,77,9,5,738
2018,5,77,9,6,2466
2018,5,77,9,7,1704
2018,5,77,9,8,3318
2018,5,77,9,9,6552
2018,5,77,9,12,381
2018,5,77,9,13,7440
2018,5,77,9,14,2619
2018,5,77,9,15,1359
2018,5,77,9,16,594
2018,5,77,9,17,606
2018,5,77,9,18,558
2018,5,77,9,99,9
2018,5,77,9,9999,64428
2018,5,77,9,77,64419
2018,5,9999,1,1,1338
2018,5,9999,1,2,11427
2018,5,9999,1,3,3444
2018,5,9999,1,4,2271
2018,5,9999,1,5,378
2018,5,9999,1,6,1206
2018,5,9999,1,7,894
2018,5,9999,1,8,1707
2018,5,9999,1,9,3384
2018,5,9999,1,12,198
2018,5,9999,1,13,3780
2018,5,9999,1,14,1335
2018,5,9999,1,15,696
2018,5,9999,1,16,294
2018,5,9999,1,17,327
2018,5,9999,1,18,273
2018,5,9999,1,99,3
2018,5,9999,1,9999,32958
2018,5,9999,1,77,32955
2018,5,9999,2,1,1305
2018,5,9999,2,2,10803
2018,5,9999,2,3,3318
2018,5,9999,2,4,2184
2018,5,9999,2,5,360
2018,5,9999,2,6,1260
2018,5,9999,2,7,807
2018,5,9999,2,8,1611
2018,5,9999,2,9,3165
2018,5,9999,2,12,186
2018,5,9999,2,13,3663
2018,5,9999,2,14,1284
2018,5,9999,2,15,663
2018,5,9999,2,16,303
2018,5,9999,2,17,279
2018,5,9999,2,18,282
2018,5,9999,2,99,9
2018,5,9999,2,9999,31479
2018,5,9999,2,77,31473
2018,5,9999,9,1,2643
2018,5,9999,9,2,22230
2018,5,9999,9,3,6762
2018,5,9999,9,4,4458
2018,5,9999,9,5,738
2018,5,9999,9,6,2466
2018,5,9999,9,7,1704
2018,5,9999,9,8,3318
2018,5,9999,9,9,6552
2018,5,9999,9,12,381
2018,5,9999,9,13,7440
2018,5,9999,9,14,2619
2018,5,9999,9,15,1359
2018,5,9999,9,16,594
2018,5,9999,9,17,606
2018,5,9999,9,18,558
2018,5,9999,9,99,9
2018,5,9999,9,9999,64437
2018,5,9999,9,77,64428
2018,6,1,1,1,915
2018,6,1,1,2,5691
2018,6,1,1,3,2502
2018,6,1,1,4,1494
2018,6,1,1,5,207
2018,6,1,1,6,840
2018,6,1,1,7,696
2018,6,1,1,8,1263
2018,6,1,1,9,2382
2018,6,1,1,12,165
2018,6,1,1,13,2964
2018,6,1,1,14,1128
2018,6,1,1,15,603
2018,6,1,1,16,309
2018,6,1,1,17,282
2018,6,1,1,18,237
2018,6,1,1,99,..C
2018,6,1,1,9999,21678
2018,6,1,1,77,21672
2018,6,1,2,1,909
2018,6,1,2,2,5442
2018,6,1,2,3,2220
2018,6,1,2,4,1512
2018,6,1,2,5,189
2018,6,1,2,6,834
2018,6,1,2,7,687
2018,6,1,2,8,1230
2018,6,1,2,9,2334
2018,6,1,2,12,189
2018,6,1,2,13,2955
2018,6,1,2,14,1086
2018,6,1,2,15,552
2018,6,1,2,16,279
2018,6,1,2,17,261
2018,6,1,2,18,243
2018,6,1,2,99,6
2018,6,1,2,9999,20922
2018,6,1,2,77,20913
2018,6,1,9,1,1824
2018,6,1,9,2,11136
2018,6,1,9,3,4719
2018,6,1,9,4,3006
2018,6,1,9,5,396
2018,6,1,9,6,1671
2018,6,1,9,7,1380
2018,6,1,9,8,2496
2018,6,1,9,9,4713
2018,6,1,9,12,354
2018,6,1,9,13,5916
2018,6,1,9,14,2211
2018,6,1,9,15,1155
2018,6,1,9,16,591
2018,6,1,9,17,543
2018,6,1,9,18,480
2018,6,1,9,99,9
2018,6,1,9,9999,42597
2018,6,1,9,77,42591
2018,6,2,1,1,798
2018,6,2,1,2,2157
2018,6,2,1,3,1302
2018,6,2,1,4,972
2018,6,2,1,5,267
2018,6,2,1,6,504
2018,6,2,1,7,282
2018,6,2,1,8,582
2018,6,2,1,9,756
2018,6,2,1,12,39
2018,6,2,1,13,588
2018,6,2,1,14,207
2018,6,2,1,15,162
2018,6,2,1,16,51
2018,6,2,1,17,54
2018,6,2,1,18,75
2018,6,2,1,99,..C
2018,6,2,1,9999,8799
2018,6,2,1,77,8796
2018,6,2,2,1,720
2018,6,2,2,2,1932
2018,6,2,2,3,1182
2018,6,2,2,4,930
2018,6,2,2,5,255
2018,6,2,2,6,531
2018,6,2,2,7,261
2018,6,2,2,8,597
2018,6,2,2,9,717
2018,6,2,2,12,42
2018,6,2,2,13,633
2018,6,2,2,14,225
2018,6,2,2,15,135
2018,6,2,2,16,54
2018,6,2,2,17,54
2018,6,2,2,18,69
2018,6,2,2,99,6
2018,6,2,2,9999,8346
2018,6,2,2,77,8340
2018,6,2,9,1,1518
2018,6,2,9,2,4089
2018,6,2,9,3,2481
2018,6,2,9,4,1902
2018,6,2,9,5,522
2018,6,2,9,6,1032
2018,6,2,9,7,546
2018,6,2,9,8,1179
2018,6,2,9,9,1473
2018,6,2,9,12,84
2018,6,2,9,13,1221
2018,6,2,9,14,429
2018,6,2,9,15,297
2018,6,2,9,16,105
2018,6,2,9,17,105
2018,6,2,9,18,147
2018,6,2,9,99,9
2018,6,2,9,9999,17145
2018,6,2,9,77,17136
2018,6,3,1,1,135
2018,6,3,1,2,2961
2018,6,3,1,3,315
2018,6,3,1,4,141
2018,6,3,1,5,27
2018,6,3,1,6,111
2018,6,3,1,7,33
2018,6,3,1,8,156
2018,6,3,1,9,450
2018,6,3,1,12,0
2018,6,3,1,13,228
2018,6,3,1,14,63
2018,6,3,1,15,33
2018,6,3,1,16,18
2018,6,3,1,17,15
2018,6,3,1,18,21
2018,6,3,1,99,..C
2018,6,3,1,9999,4713
2018,6,3,1,77,4713
2018,6,3,2,1,117
2018,6,3,2,2,2670
2018,6,3,2,3,267
2018,6,3,2,4,165
2018,6,3,2,5,33
2018,6,3,2,6,123
2018,6,3,2,7,33
2018,6,3,2,8,138
2018,6,3,2,9,510
2018,6,3,2,12,9
2018,6,3,2,13,216
2018,6,3,2,14,72
2018,6,3,2,15,27
2018,6,3,2,16,3
2018,6,3,2,17,12
2018,6,3,2,18,24
2018,6,3,2,99,..C
2018,6,3,2,9999,4428
2018,6,3,2,77,4428
2018,6,3,9,1,255
2018,6,3,9,2,5631
2018,6,3,9,3,582
2018,6,3,9,4,309
2018,6,3,9,5,57
2018,6,3,9,6,234
2018,6,3,9,7,66
2018,6,3,9,8,297
2018,6,3,9,9,963
2018,6,3,9,12,12
2018,6,3,9,13,444
2018,6,3,9,14,135
2018,6,3,9,15,60
2018,6,3,9,16,21
2018,6,3,9,17,27
2018,6,3,9,18,45
2018,6,3,9,99,..C
2018,6,3,9,9999,9138
2018,6,3,9,77,9138
2018,6,4,1,1,78
2018,6,4,1,2,3132
2018,6,4,1,3,345
2018,6,4,1,4,189
2018,6,4,1,5,12
2018,6,4,1,6,63
2018,6,4,1,7,54
2018,6,4,1,8,126
2018,6,4,1,9,462
2018,6,4,1,12,9
2018,6,4,1,13,474
2018,6,4,1,14,87
2018,6,4,1,15,51
2018,6,4,1,16,12
2018,6,4,1,17,33
2018,6,4,1,18,15
2018,6,4,1,99,..C
2018,6,4,1,9999,5142
2018,6,4,1,77,5142
2018,6,4,2,1,45
2018,6,4,2,2,2988
2018,6,4,2,3,330
2018,6,4,2,4,177
2018,6,4,2,5,12
2018,6,4,2,6,75
2018,6,4,2,7,54
2018,6,4,2,8,111
2018,6,4,2,9,462
2018,6,4,2,12,9
2018,6,4,2,13,489
2018,6,4,2,14,96
2018,6,4,2,15,57
2018,6,4,2,16,9
2018,6,4,2,17,30
2018,6,4,2,18,21
2018,6,4,2,99,..C
2018,6,4,2,9999,4965
2018,6,4,2,77,4965
2018,6,4,9,1,123
2018,6,4,9,2,6120
2018,6,4,9,3,675
2018,6,4,9,4,366
2018,6,4,9,5,24
2018,6,4,9,6,138
2018,6,4,9,7,108
2018,6,4,9,8,237
2018,6,4,9,9,927
2018,6,4,9,12,18
2018,6,4,9,13,963
2018,6,4,9,14,183
2018,6,4,9,15,108
2018,6,4,9,16,21
2018,6,4,9,17,63
2018,6,4,9,18,36
2018,6,4,9,99,..C
2018,6,4,9,9999,10107
2018,6,4,9,77,10107
2018,6,5,1,1,12
2018,6,5,1,2,300
2018,6,5,1,3,54
2018,6,5,1,4,27
2018,6,5,1,5,3
2018,6,5,1,6,18
2018,6,5,1,7,6
2018,6,5,1,8,15
2018,6,5,1,9,93
2018,6,5,1,12,0
2018,6,5,1,13,66
2018,6,5,1,14,24
2018,6,5,1,15,12
2018,6,5,1,16,3
2018,6,5,1,17,6
2018,6,5,1,18,3
2018,6,5,1,99,..C
2018,6,5,1,9999,642
2018,6,5,1,77,642
2018,6,5,2,1,12
2018,6,5,2,2,294
2018,6,5,2,3,63
2018,6,5,2,4,24
2018,6,5,2,5,3
2018,6,5,2,6,12
2018,6,5,2,7,9
2018,6,5,2,8,21
2018,6,5,2,9,84
2018,6,5,2,12,0
2018,6,5,2,13,51
2018,6,5,2,14,27
2018,6,5,2,15,6
2018,6,5,2,16,6
2018,6,5,2,17,3
2018,6,5,2,18,12
2018,6,5,2,99,..C
2018,6,5,2,9999,627
2018,6,5,2,77,627
2018,6,5,9,1,27
2018,6,5,9,2,594
2018,6,5,9,3,117
2018,6,5,9,4,51
2018,6,5,9,5,6
2018,6,5,9,6,30
2018,6,5,9,7,15
2018,6,5,9,8,33
2018,6,5,9,9,174
2018,6,5,9,12,0
2018,6,5,9,13,120
2018,6,5,9,14,51
2018,6,5,9,15,18
2018,6,5,9,16,12
2018,6,5,9,17,12
2018,6,5,9,18,12
2018,6,5,9,99,..C
2018,6,5,9,9999,1266
2018,6,5,9,77,1266
2018,6,6,1,1,24
2018,6,6,1,2,135
2018,6,6,1,3,36
2018,6,6,1,4,33
2018,6,6,1,5,3
2018,6,6,1,6,9
2018,6,6,1,7,12
2018,6,6,1,8,18
2018,6,6,1,9,57
2018,6,6,1,12,3
2018,6,6,1,13,66
2018,6,6,1,14,18
2018,6,6,1,15,12
2018,6,6,1,16,6
2018,6,6,1,17,6
2018,6,6,1,18,3
2018,6,6,1,99,..C
2018,6,6,1,9999,441
2018,6,6,1,77,441
2018,6,6,2,1,9
2018,6,6,2,2,141
2018,6,6,2,3,39
2018,6,6,2,4,18
2018,6,6,2,5,3
2018,6,6,2,6,6
2018,6,6,2,7,9
2018,6,6,2,8,18
2018,6,6,2,9,54
2018,6,6,2,12,6
2018,6,6,2,13,57
2018,6,6,2,14,9
2018,6,6,2,15,3
2018,6,6,2,16,6
2018,6,6,2,17,6
2018,6,6,2,18,9
2018,6,6,2,99,..C
2018,6,6,2,9999,399
2018,6,6,2,77,399
2018,6,6,9,1,33
2018,6,6,9,2,276
2018,6,6,9,3,75
2018,6,6,9,4,54
2018,6,6,9,5,6
2018,6,6,9,6,18
2018,6,6,9,7,21
2018,6,6,9,8,33
2018,6,6,9,9,114
2018,6,6,9,12,9
2018,6,6,9,13,123
2018,6,6,9,14,27
2018,6,6,9,15,15
2018,6,6,9,16,12
2018,6,6,9,17,12
2018,6,6,9,18,12
2018,6,6,9,99,..C
2018,6,6,9,9999,840
2018,6,6,9,77,840
2018,6,9,1,1,0
2018,6,9,1,2,0
2018,6,9,1,3,0
2018,6,9,1,4,0
2018,6,9,1,5,0
2018,6,9,1,6,0
2018,6,9,1,7,0
2018,6,9,1,8,0
2018,6,9,1,9,0
2018,6,9,1,12,3
2018,6,9,1,13,0
2018,6,9,1,14,0
2018,6,9,1,15,0
2018,6,9,1,16,0
2018,6,9,1,17,0
2018,6,9,1,18,0
2018,6,9,1,99,..C
2018,6,9,1,9999,6
2018,6,9,1,77,6
2018,6,9,2,1,0
2018,6,9,2,2,0
2018,6,9,2,3,0
2018,6,9,2,4,0
2018,6,9,2,5,0
2018,6,9,2,6,0
2018,6,9,2,7,0
2018,6,9,2,8,0
2018,6,9,2,9,0
2018,6,9,2,12,0
2018,6,9,2,13,0
2018,6,9,2,14,3
2018,6,9,2,15,0
2018,6,9,2,16,0
2018,6,9,2,17,0
2018,6,9,2,18,0
2018,6,9,2,99,..C
2018,6,9,2,9999,3
2018,6,9,2,77,3
2018,6,9,9,1,0
2018,6,9,9,2,0
2018,6,9,9,3,0
2018,6,9,9,4,0
2018,6,9,9,5,0
2018,6,9,9,6,0
2018,6,9,9,7,0
2018,6,9,9,8,0
2018,6,9,9,9,0
2018,6,9,9,12,3
2018,6,9,9,13,0
2018,6,9,9,14,3
2018,6,9,9,15,0
2018,6,9,9,16,0
2018,6,9,9,17,0
2018,6,9,9,18,0
2018,6,9,9,99,..C
2018,6,9,9,9999,12
2018,6,9,9,77,12
2018,6,77,1,1,1389
2018,6,77,1,2,11379
2018,6,77,1,3,3513
2018,6,77,1,4,2190
2018,6,77,1,5,384
2018,6,77,1,6,1191
2018,6,77,1,7,855
2018,6,77,1,8,1662
2018,6,77,1,9,3213
2018,6,77,1,12,186
2018,6,77,1,13,3699
2018,6,77,1,14,1299
2018,6,77,1,15,702
2018,6,77,1,16,336
2018,6,77,1,17,342
2018,6,77,1,18,279
2018,6,77,1,99,..C
2018,6,77,1,9999,32628
2018,6,77,1,77,32625
2018,6,77,2,1,1314
2018,6,77,2,2,10632
2018,6,77,2,3,3138
2018,6,77,2,4,2154
2018,6,77,2,5,357
2018,6,77,2,6,1215
2018,6,77,2,7,822
2018,6,77,2,8,1608
2018,6,77,2,9,3171
2018,6,77,2,12,207
2018,6,77,2,13,3663
2018,6,77,2,14,1248
2018,6,77,2,15,657
2018,6,77,2,16,297
2018,6,77,2,17,309
2018,6,77,2,18,300
2018,6,77,2,99,6
2018,6,77,2,9999,31092
2018,6,77,2,77,31086
2018,6,77,9,1,2703
2018,6,77,9,2,22014
2018,6,77,9,3,6651
2018,6,77,9,4,4341
2018,6,77,9,5,738
2018,6,77,9,6,2406
2018,6,77,9,7,1680
2018,6,77,9,8,3273
2018,6,77,9,9,6381
2018,6,77,9,12,396
2018,6,77,9,13,7359
2018,6,77,9,14,2547
2018,6,77,9,15,1359
2018,6,77,9,16,636
2018,6,77,9,17,651
2018,6,77,9,18,579
2018,6,77,9,99,9
2018,6,77,9,9999,63720
2018,6,77,9,77,63708
2018,6,9999,1,1,1389
2018,6,9999,1,2,11379
2018,6,9999,1,3,3513
2018,6,9999,1,4,2190
2018,6,9999,1,5,384
2018,6,9999,1,6,1191
2018,6,9999,1,7,855
2018,6,9999,1,8,1662
2018,6,9999,1,9,3213
2018,6,9999,1,12,192
2018,6,9999,1,13,3702
2018,6,9999,1,14,1299
2018,6,9999,1,15,702
2018,6,9999,1,16,336
2018,6,9999,1,17,342
2018,6,9999,1,18,279
2018,6,9999,1,99,3
2018,6,9999,1,9999,32634
2018,6,9999,1,77,32628
2018,6,9999,2,1,1314
2018,6,9999,2,2,10632
2018,6,9999,2,3,3138
2018,6,9999,2,4,2154
2018,6,9999,2,5,357
2018,6,9999,2,6,1215
2018,6,9999,2,7,822
2018,6,9999,2,8,1608
2018,6,9999,2,9,3171
2018,6,9999,2,12,207
2018,6,9999,2,13,3663
2018,6,9999,2,14,1251
2018,6,9999,2,15,657
2018,6,9999,2,16,297
2018,6,9999,2,17,309
2018,6,9999,2,18,300
2018,6,9999,2,99,6
2018,6,9999,2,9999,31098
2018,6,9999,2,77,31089
2018,6,9999,9,1,2703
2018,6,9999,9,2,22011
2018,6,9999,9,3,6651
2018,6,9999,9,4,4341
2018,6,9999,9,5,738
2018,6,9999,9,6,2406
2018,6,9999,9,7,1680
2018,6,9999,9,8,3273
2018,6,9999,9,9,6384
2018,6,9999,9,12,399
2018,6,9999,9,13,7362
2018,6,9999,9,14,2550
2018,6,9999,9,15,1359
2018,6,9999,9,16,636
2018,6,9999,9,17,651
2018,6,9999,9,18,579
2018,6,9999,9,99,9
2018,6,9999,9,9999,63732
2018,6,9999,9,77,63720
2018,7,1,1,1,990
2018,7,1,1,2,5988
2018,7,1,1,3,2493
2018,7,1,1,4,1539
2018,7,1,1,5,219
2018,7,1,1,6,840
2018,7,1,1,7,762
2018,7,1,1,8,1284
2018,7,1,1,9,2478
2018,7,1,1,12,177
2018,7,1,1,13,3162
2018,7,1,1,14,1212
2018,7,1,1,15,594
2018,7,1,1,16,342
2018,7,1,1,17,261
2018,7,1,1,18,294
2018,7,1,1,99,6
2018,7,1,1,9999,22647
2018,7,1,1,77,22638
2018,7,1,2,1,891
2018,7,1,2,2,5490
2018,7,1,2,3,2325
2018,7,1,2,4,1572
2018,7,1,2,5,243
2018,7,1,2,6,864
2018,7,1,2,7,714
2018,7,1,2,8,1290
2018,7,1,2,9,2394
2018,7,1,2,12,183
2018,7,1,2,13,3078
2018,7,1,2,14,1140
2018,7,1,2,15,528
2018,7,1,2,16,309
2018,7,1,2,17,270
2018,7,1,2,18,237
2018,7,1,2,99,..C
2018,7,1,2,9999,21528
2018,7,1,2,77,21525
2018,7,1,9,1,1878
2018,7,1,9,2,11478
2018,7,1,9,3,4821
2018,7,1,9,4,3111
2018,7,1,9,5,459
2018,7,1,9,6,1704
2018,7,1,9,7,1479
2018,7,1,9,8,2574
2018,7,1,9,9,4872
2018,7,1,9,12,360
2018,7,1,9,13,6243
2018,7,1,9,14,2352
2018,7,1,9,15,1122
2018,7,1,9,16,651
2018,7,1,9,17,531
2018,7,1,9,18,531
2018,7,1,9,99,9
2018,7,1,9,9999,44175
2018,7,1,9,77,44163
2018,7,2,1,1,810
2018,7,2,1,2,2109
2018,7,2,1,3,1335
2018,7,2,1,4,1056
2018,7,2,1,5,285
2018,7,2,1,6,543
2018,7,2,1,7,303
2018,7,2,1,8,645
2018,7,2,1,9,801
2018,7,2,1,12,39
2018,7,2,1,13,666
2018,7,2,1,14,222
2018,7,2,1,15,177
2018,7,2,1,16,48
2018,7,2,1,17,54
2018,7,2,1,18,84
2018,7,2,1,99,..C
2018,7,2,1,9999,9174
2018,7,2,1,77,9168
2018,7,2,2,1,726
2018,7,2,2,2,1995
2018,7,2,2,3,1191
2018,7,2,2,4,990
2018,7,2,2,5,273
2018,7,2,2,6,504
2018,7,2,2,7,285
2018,7,2,2,8,654
2018,7,2,2,9,753
2018,7,2,2,12,42
2018,7,2,2,13,633
2018,7,2,2,14,213
2018,7,2,2,15,171
2018,7,2,2,16,57
2018,7,2,2,17,69
2018,7,2,2,18,75
2018,7,2,2,99,..C
2018,7,2,2,9999,8628
2018,7,2,2,77,8628
2018,7,2,9,1,1536
2018,7,2,9,2,4104
2018,7,2,9,3,2526
2018,7,2,9,4,2046
2018,7,2,9,5,555
2018,7,2,9,6,1047
2018,7,2,9,7,585
2018,7,2,9,8,1302
2018,7,2,9,9,1557
2018,7,2,9,12,81
2018,7,2,9,13,1299
2018,7,2,9,14,432
2018,7,2,9,15,345
2018,7,2,9,16,105
2018,7,2,9,17,123
2018,7,2,9,18,159
2018,7,2,9,99,6
2018,7,2,9,9999,17805
2018,7,2,9,77,17799
2018,7,3,1,1,141
2018,7,3,1,2,2952
2018,7,3,1,3,288
2018,7,3,1,4,156
2018,7,3,1,5,36
2018,7,3,1,6,114
2018,7,3,1,7,36
2018,7,3,1,8,159
2018,7,3,1,9,495
2018,7,3,1,12,6
2018,7,3,1,13,252
2018,7,3,1,14,78
2018,7,3,1,15,30
2018,7,3,1,16,18
2018,7,3,1,17,21
2018,7,3,1,18,24
2018,7,3,1,99,..C
2018,7,3,1,9999,4806
2018,7,3,1,77,4806
2018,7,3,2,1,123
2018,7,3,2,2,2760
2018,7,3,2,3,273
2018,7,3,2,4,186
2018,7,3,2,5,21
2018,7,3,2,6,114
2018,7,3,2,7,33
2018,7,3,2,8,138
2018,7,3,2,9,465
2018,7,3,2,12,9
2018,7,3,2,13,228
2018,7,3,2,14,63
2018,7,3,2,15,30
2018,7,3,2,16,9
2018,7,3,2,17,9
2018,7,3,2,18,18
2018,7,3,2,99,..C
2018,7,3,2,9999,4479
2018,7,3,2,77,4479
2018,7,3,9,1,261
2018,7,3,9,2,5718
2018,7,3,9,3,564
2018,7,3,9,4,345
2018,7,3,9,5,57
2018,7,3,9,6,225
2018,7,3,9,7,72
2018,7,3,9,8,297
2018,7,3,9,9,960
2018,7,3,9,12,15
2018,7,3,9,13,483
2018,7,3,9,14,138
2018,7,3,9,15,60
2018,7,3,9,16,27
2018,7,3,9,17,30
2018,7,3,9,18,39
2018,7,3,9,99,..C
2018,7,3,9,9999,9285
2018,7,3,9,77,9285
2018,7,4,1,1,63
2018,7,4,1,2,3030
2018,7,4,1,3,384
2018,7,4,1,4,201
2018,7,4,1,5,18
2018,7,4,1,6,78
2018,7,4,1,7,45
2018,7,4,1,8,129
2018,7,4,1,9,501
2018,7,4,1,12,9
2018,7,4,1,13,429
2018,7,4,1,14,90
2018,7,4,1,15,54
2018,7,4,1,16,12
2018,7,4,1,17,36
2018,7,4,1,18,21
2018,7,4,1,99,..C
2018,7,4,1,9999,5097
2018,7,4,1,77,5097
2018,7,4,2,1,57
2018,7,4,2,2,2862
2018,7,4,2,3,345
2018,7,4,2,4,171
2018,7,4,2,5,9
2018,7,4,2,6,72
2018,7,4,2,7,39
2018,7,4,2,8,123
2018,7,4,2,9,453
2018,7,4,2,12,6
2018,7,4,2,13,438
2018,7,4,2,14,87
2018,7,4,2,15,57
2018,7,4,2,16,9
2018,7,4,2,17,30
2018,7,4,2,18,12
2018,7,4,2,99,..C
2018,7,4,2,9999,4764
2018,7,4,2,77,4764
2018,7,4,9,1,120
2018,7,4,9,2,5892
2018,7,4,9,3,729
2018,7,4,9,4,372
2018,7,4,9,5,24
2018,7,4,9,6,150
2018,7,4,9,7,84
2018,7,4,9,8,249
2018,7,4,9,9,951
2018,7,4,9,12,15
2018,7,4,9,13,867
2018,7,4,9,14,177
2018,7,4,9,15,108
2018,7,4,9,16,21
2018,7,4,9,17,66
2018,7,4,9,18,33
2018,7,4,9,99,..C
2018,7,4,9,9999,9864
2018,7,4,9,77,9864
2018,7,5,1,1,9
2018,7,5,1,2,270
2018,7,5,1,3,57
2018,7,5,1,4,18
2018,7,5,1,5,3
2018,7,5,1,6,6
2018,7,5,1,7,6
2018,7,5,1,8,18
2018,7,5,1,9,72
2018,7,5,1,12,0
2018,7,5,1,13,63
2018,7,5,1,14,30
2018,7,5,1,15,6
2018,7,5,1,16,0
2018,7,5,1,17,9
2018,7,5,1,18,3
2018,7,5,1,99,..C
2018,7,5,1,9999,570
2018,7,5,1,77,570
2018,7,5,2,1,9
2018,7,5,2,2,300
2018,7,5,2,3,51
2018,7,5,2,4,18
2018,7,5,2,5,0
2018,7,5,2,6,15
2018,7,5,2,7,9
2018,7,5,2,8,18
2018,7,5,2,9,93
2018,7,5,2,12,6
2018,7,5,2,13,48
2018,7,5,2,14,27
2018,7,5,2,15,3
2018,7,5,2,16,0
2018,7,5,2,17,0
2018,7,5,2,18,3
2018,7,5,2,99,..C
2018,7,5,2,9999,597
2018,7,5,2,77,597
2018,7,5,9,1,18
2018,7,5,9,2,570
2018,7,5,9,3,105
2018,7,5,9,4,36
2018,7,5,9,5,6
2018,7,5,9,6,21
2018,7,5,9,7,15
2018,7,5,9,8,36
2018,7,5,9,9,168
2018,7,5,9,12,6
2018,7,5,9,13,111
2018,7,5,9,14,54
2018,7,5,9,15,6
2018,7,5,9,16,0
2018,7,5,9,17,9
2018,7,5,9,18,9
2018,7,5,9,99,..C
2018,7,5,9,9999,1167
2018,7,5,9,77,1167
2018,7,6,1,1,15
2018,7,6,1,2,129
2018,7,6,1,3,33
2018,7,6,1,4,15
2018,7,6,1,5,3
2018,7,6,1,6,18
2018,7,6,1,7,12
2018,7,6,1,8,27
2018,7,6,1,9,60
2018,7,6,1,12,3
2018,7,6,1,13,63
2018,7,6,1,14,27
2018,7,6,1,15,6
2018,7,6,1,16,6
2018,7,6,1,17,9
2018,7,6,1,18,0
2018,7,6,1,99,..C
2018,7,6,1,9999,429
2018,7,6,1,77,429
2018,7,6,2,1,18
2018,7,6,2,2,120
2018,7,6,2,3,42
2018,7,6,2,4,27
2018,7,6,2,5,3
2018,7,6,2,6,9
2018,7,6,2,7,12
2018,7,6,2,8,24
2018,7,6,2,9,57
2018,7,6,2,12,3
2018,7,6,2,13,60
2018,7,6,2,14,15
2018,7,6,2,15,6
2018,7,6,2,16,9
2018,7,6,2,17,3
2018,7,6,2,18,6
2018,7,6,2,99,..C
2018,7,6,2,9999,411
2018,7,6,2,77,411
2018,7,6,9,1,33
2018,7,6,9,2,249
2018,7,6,9,3,75
2018,7,6,9,4,42
2018,7,6,9,5,6
2018,7,6,9,6,27
2018,7,6,9,7,24
2018,7,6,9,8,51
2018,7,6,9,9,117
2018,7,6,9,12,6
2018,7,6,9,13,123
2018,7,6,9,14,42
2018,7,6,9,15,9
2018,7,6,9,16,15
2018,7,6,9,17,12
2018,7,6,9,18,6
2018,7,6,9,99,..C
2018,7,6,9,9999,840
2018,7,6,9,77,840
2018,7,9,1,1,0
2018,7,9,1,2,0
2018,7,9,1,3,3
2018,7,9,1,4,0
2018,7,9,1,5,0
2018,7,9,1,6,0
2018,7,9,1,7,0
2018,7,9,1,8,0
2018,7,9,1,9,0
2018,7,9,1,12,0
2018,7,9,1,13,0
2018,7,9,1,14,0
2018,7,9,1,15,0
2018,7,9,1,16,0
2018,7,9,1,17,0
2018,7,9,1,18,0
2018,7,9,1,99,..C
2018,7,9,1,9999,6
2018,7,9,1,77,6
2018,7,9,2,1,0
2018,7,9,2,2,0
2018,7,9,2,3,0
2018,7,9,2,4,0
2018,7,9,2,5,0
2018,7,9,2,6,0
2018,7,9,2,7,0
2018,7,9,2,8,0
2018,7,9,2,9,0
2018,7,9,2,12,0
2018,7,9,2,13,3
2018,7,9,2,14,0
2018,7,9,2,15,0
2018,7,9,2,16,0
2018,7,9,2,17,0
2018,7,9,2,18,0
2018,7,9,2,99,..C
2018,7,9,2,9999,3
2018,7,9,2,77,3
2018,7,9,9,1,0
2018,7,9,9,2,0
2018,7,9,9,3,3
2018,7,9,9,4,0
2018,7,9,9,5,0
2018,7,9,9,6,0
2018,7,9,9,7,0
2018,7,9,9,8,0
2018,7,9,9,9,0
2018,7,9,9,12,0
2018,7,9,9,13,0
2018,7,9,9,14,0
2018,7,9,9,15,0
2018,7,9,9,16,0
2018,7,9,9,17,0
2018,7,9,9,18,0
2018,7,9,9,99,..C
2018,7,9,9,9999,6
2018,7,9,9,77,6
2018,7,77,1,1,1440
2018,7,77,1,2,11430
2018,7,77,1,3,3525
2018,7,77,1,4,2271
2018,7,77,1,5,405
2018,7,77,1,6,1236
2018,7,77,1,7,915
2018,7,77,1,8,1713
2018,7,77,1,9,3381
2018,7,77,1,12,195
2018,7,77,1,13,3885
2018,7,77,1,14,1392
2018,7,77,1,15,708
2018,7,77,1,16,360
2018,7,77,1,17,315
2018,7,77,1,18,336
2018,7,77,1,99,6
2018,7,77,1,9999,33513
2018,7,77,1,77,33507
2018,7,77,2,1,1299
2018,7,77,2,2,10626
2018,7,77,2,3,3258
2018,7,77,2,4,2268
2018,7,77,2,5,417
2018,7,77,2,6,1209
2018,7,77,2,7,852
2018,7,77,2,8,1710
2018,7,77,2,9,3261
2018,7,77,2,12,201
2018,7,77,2,13,3747
2018,7,77,2,14,1284
2018,7,77,2,15,642
2018,7,77,2,16,333
2018,7,77,2,17,321
2018,7,77,2,18,279
2018,7,77,2,99,..C
2018,7,77,2,9999,31716
2018,7,77,2,77,31713
2018,7,77,9,1,2739
2018,7,77,9,2,22056
2018,7,77,9,3,6786
2018,7,77,9,4,4542
2018,7,77,9,5,822
2018,7,77,9,6,2448
2018,7,77,9,7,1767
2018,7,77,9,8,3423
2018,7,77,9,9,6639
2018,7,77,9,12,396
2018,7,77,9,13,7632
2018,7,77,9,14,2676
2018,7,77,9,15,1353
2018,7,77,9,16,690
2018,7,77,9,17,636
2018,7,77,9,18,615
2018,7,77,9,99,9
2018,7,77,9,9999,65229
2018,7,77,9,77,65220
2018,7,9999,1,1,1443
2018,7,9999,1,2,11430
2018,7,9999,1,3,3528
2018,7,9999,1,4,2274
2018,7,9999,1,5,405
2018,7,9999,1,6,1236
2018,7,9999,1,7,915
2018,7,9999,1,8,1713
2018,7,9999,1,9,3381
2018,7,9999,1,12,195
2018,7,9999,1,13,3885
2018,7,9999,1,14,1392
2018,7,9999,1,15,708
2018,7,9999,1,16,360
2018,7,9999,1,17,315
2018,7,9999,1,18,336
2018,7,9999,1,99,6
2018,7,9999,1,9999,33522
2018,7,9999,1,77,33513
2018,7,9999,2,1,1299
2018,7,9999,2,2,10626
2018,7,9999,2,3,3258
2018,7,9999,2,4,2268
2018,7,9999,2,5,417
2018,7,9999,2,6,1209
2018,7,9999,2,7,852
2018,7,9999,2,8,1710
2018,7,9999,2,9,3261
2018,7,9999,2,12,201
2018,7,9999,2,13,3750
2018,7,9999,2,14,1284
2018,7,9999,2,15,642
2018,7,9999,2,16,333
2018,7,9999,2,17,321
2018,7,9999,2,18,279
2018,7,9999,2,99,3
2018,7,9999,2,9999,31716
2018,7,9999,2,77,31713
2018,7,9999,9,1,2742
2018,7,9999,9,2,22056
2018,7,9999,9,3,6789
2018,7,9999,9,4,4542
2018,7,9999,9,5,822
2018,7,9999,9,6,2448
2018,7,9999,9,7,1767
2018,7,9999,9,8,3423
2018,7,9999,9,9,6639
2018,7,9999,9,12,396
2018,7,9999,9,13,7635
2018,7,9999,9,14,2676
2018,7,9999,9,15,1353
2018,7,9999,9,16,690
2018,7,9999,9,17,636
2018,7,9999,9,18,615
2018,7,9999,9,99,9
2018,7,9999,9,9999,65238
2018,7,9999,9,77,65229
2018,8,1,1,1,903
2018,8,1,1,2,5823
2018,8,1,1,3,2589
2018,8,1,1,4,1617
2018,8,1,1,5,201
2018,8,1,1,6,951
2018,8,1,1,7,774
2018,8,1,1,8,1308
2018,8,1,1,9,2466
2018,8,1,1,12,207
2018,8,1,1,13,3231
2018,8,1,1,14,1236
2018,8,1,1,15,636
2018,8,1,1,16,312
2018,8,1,1,17,273
2018,8,1,1,18,270
2018,8,1,1,99,..C
2018,8,1,1,9999,22800
2018,8,1,1,77,22800
2018,8,1,2,1,924
2018,8,1,2,2,5559
2018,8,1,2,3,2346
2018,8,1,2,4,1587
2018,8,1,2,5,204
2018,8,1,2,6,882
2018,8,1,2,7,729
2018,8,1,2,8,1239
2018,8,1,2,9,2481
2018,8,1,2,12,177
2018,8,1,2,13,3105
2018,8,1,2,14,1119
2018,8,1,2,15,618
2018,8,1,2,16,324
2018,8,1,2,17,276
2018,8,1,2,18,264
2018,8,1,2,99,..C
2018,8,1,2,9999,21834
2018,8,1,2,77,21828
2018,8,1,9,1,1827
2018,8,1,9,2,11385
2018,8,1,9,3,4935
2018,8,1,9,4,3207
2018,8,1,9,5,405
2018,8,1,9,6,1830
2018,8,1,9,7,1503
2018,8,1,9,8,2550
2018,8,1,9,9,4950
2018,8,1,9,12,387
2018,8,1,9,13,6336
2018,8,1,9,14,2355
2018,8,1,9,15,1254
2018,8,1,9,16,633
2018,8,1,9,17,546
2018,8,1,9,18,531
2018,8,1,9,99,6
2018,8,1,9,9999,44634
2018,8,1,9,77,44628
2018,8,2,1,1,762
2018,8,2,1,2,2112
2018,8,2,1,3,1293
2018,8,2,1,4,1014
2018,8,2,1,5,288
2018,8,2,1,6,582
2018,8,2,1,7,315
2018,8,2,1,8,675
2018,8,2,1,9,729
2018,8,2,1,12,42
2018,8,2,1,13,645
2018,8,2,1,14,231
2018,8,2,1,15,186
2018,8,2,1,16,60
2018,8,2,1,17,69
2018,8,2,1,18,72
2018,8,2,1,99,..C
2018,8,2,1,9999,9078
2018,8,2,1,77,9078
2018,8,2,2,1,765
2018,8,2,2,2,2097
2018,8,2,2,3,1206
2018,8,2,2,4,1002
2018,8,2,2,5,279
2018,8,2,2,6,525
2018,8,2,2,7,294
2018,8,2,2,8,594
2018,8,2,2,9,759
2018,8,2,2,12,42
2018,8,2,2,13,660
2018,8,2,2,14,207
2018,8,2,2,15,162
2018,8,2,2,16,45
2018,8,2,2,17,54
2018,8,2,2,18,87
2018,8,2,2,99,..C
2018,8,2,2,9999,8784
2018,8,2,2,77,8781
2018,8,2,9,1,1527
2018,8,2,9,2,4209
2018,8,2,9,3,2499
2018,8,2,9,4,2019
2018,8,2,9,5,570
2018,8,2,9,6,1107
2018,8,2,9,7,609
2018,8,2,9,8,1269
2018,8,2,9,9,1488
2018,8,2,9,12,81
2018,8,2,9,13,1305
2018,8,2,9,14,435
2018,8,2,9,15,348
2018,8,2,9,16,105
2018,8,2,9,17,123
2018,8,2,9,18,156
2018,8,2,9,99,..C
2018,8,2,9,9999,17862
2018,8,2,9,77,17856
2018,8,3,1,1,117
2018,8,3,1,2,2820
2018,8,3,1,3,318
2018,8,3,1,4,156
2018,8,3,1,5,21
2018,8,3,1,6,144
2018,8,3,1,7,48
2018,8,3,1,8,150
2018,8,3,1,9,477
2018,8,3,1,12,6
2018,8,3,1,13,255
2018,8,3,1,14,78
2018,8,3,1,15,42
2018,8,3,1,16,12
2018,8,3,1,17,12
2018,8,3,1,18,21
2018,8,3,1,99,..C
2018,8,3,1,9999,4686
2018,8,3,1,77,4686
2018,8,3,2,1,132
2018,8,3,2,2,2826
2018,8,3,2,3,273
2018,8,3,2,4,141
2018,8,3,2,5,24
2018,8,3,2,6,96
2018,8,3,2,7,42
2018,8,3,2,8,120
2018,8,3,2,9,489
2018,8,3,2,12,6
2018,8,3,2,13,213
2018,8,3,2,14,72
2018,8,3,2,15,24
2018,8,3,2,16,6
2018,8,3,2,17,24
2018,8,3,2,18,18
2018,8,3,2,99,..C
2018,8,3,2,9999,4506
2018,8,3,2,77,4506
2018,8,3,9,1,252
2018,8,3,9,2,5646
2018,8,3,9,3,588
2018,8,3,9,4,294
2018,8,3,9,5,48
2018,8,3,9,6,243
2018,8,3,9,7,90
2018,8,3,9,8,273
2018,8,3,9,9,966
2018,8,3,9,12,12
2018,8,3,9,13,468
2018,8,3,9,14,150
2018,8,3,9,15,66
2018,8,3,9,16,18
2018,8,3,9,17,36
2018,8,3,9,18,36
2018,8,3,9,99,..C
2018,8,3,9,9999,9189
2018,8,3,9,77,9186
2018,8,4,1,1,42
2018,8,4,1,2,2790
2018,8,4,1,3,351
2018,8,4,1,4,195
2018,8,4,1,5,18
2018,8,4,1,6,66
2018,8,4,1,7,33
2018,8,4,1,8,126
2018,8,4,1,9,444
2018,8,4,1,12,9
2018,8,4,1,13,429
2018,8,4,1,14,99
2018,8,4,1,15,33
2018,8,4,1,16,3
2018,8,4,1,17,27
2018,8,4,1,18,18
2018,8,4,1,99,..C
2018,8,4,1,9999,4689
2018,8,4,1,77,4689
2018,8,4,2,1,54
2018,8,4,2,2,2664
2018,8,4,2,3,300
2018,8,4,2,4,144
2018,8,4,2,5,9
2018,8,4,2,6,60
2018,8,4,2,7,48
2018,8,4,2,8,105
2018,8,4,2,9,429
2018,8,4,2,12,3
2018,8,4,2,13,390
2018,8,4,2,14,87
2018,8,4,2,15,36
2018,8,4,2,16,9
2018,8,4,2,17,27
2018,8,4,2,18,9
2018,8,4,2,99,..C
2018,8,4,2,9999,4374
2018,8,4,2,77,4374
2018,8,4,9,1,96
2018,8,4,9,2,5451
2018,8,4,9,3,654
2018,8,4,9,4,339
2018,8,4,9,5,27
2018,8,4,9,6,129
2018,8,4,9,7,78
2018,8,4,9,8,231
2018,8,4,9,9,876
2018,8,4,9,12,15
2018,8,4,9,13,819
2018,8,4,9,14,189
2018,8,4,9,15,72
2018,8,4,9,16,15
2018,8,4,9,17,54
2018,8,4,9,18,27
2018,8,4,9,99,..C
2018,8,4,9,9999,9063
2018,8,4,9,77,9063
2018,8,5,1,1,9
2018,8,5,1,2,297
2018,8,5,1,3,51
2018,8,5,1,4,18
2018,8,5,1,5,0
2018,8,5,1,6,15
2018,8,5,1,7,3
2018,8,5,1,8,18
2018,8,5,1,9,87
2018,8,5,1,12,0
2018,8,5,1,13,45
2018,8,5,1,14,27
2018,8,5,1,15,6
2018,8,5,1,16,3
2018,8,5,1,17,6
2018,8,5,1,18,0
2018,8,5,1,99,..C
2018,8,5,1,9999,591
2018,8,5,1,77,591
2018,8,5,2,1,9
2018,8,5,2,2,273
2018,8,5,2,3,51
2018,8,5,2,4,15
2018,8,5,2,5,0
2018,8,5,2,6,12
2018,8,5,2,7,9
2018,8,5,2,8,21
2018,8,5,2,9,81
2018,8,5,2,12,0
2018,8,5,2,13,57
2018,8,5,2,14,33
2018,8,5,2,15,6
2018,8,5,2,16,0
2018,8,5,2,17,3
2018,8,5,2,18,0
2018,8,5,2,99,..C
2018,8,5,2,9999,576
2018,8,5,2,77,576
2018,8,5,9,1,21
2018,8,5,9,2,573
2018,8,5,9,3,102
2018,8,5,9,4,33
2018,8,5,9,5,0
2018,8,5,9,6,27
2018,8,5,9,7,15
2018,8,5,9,8,36
2018,8,5,9,9,168
2018,8,5,9,12,0
2018,8,5,9,13,105
2018,8,5,9,14,60
2018,8,5,9,15,15
2018,8,5,9,16,3
2018,8,5,9,17,9
2018,8,5,9,18,3
2018,8,5,9,99,..C
2018,8,5,9,9999,1164
2018,8,5,9,77,1164
2018,8,6,1,1,12
2018,8,6,1,2,153
2018,8,6,1,3,45
2018,8,6,1,4,24
2018,8,6,1,5,0
2018,8,6,1,6,15
2018,8,6,1,7,12
2018,8,6,1,8,24
2018,8,6,1,9,51
2018,8,6,1,12,3
2018,8,6,1,13,75
2018,8,6,1,14,36
2018,8,6,1,15,6
2018,8,6,1,16,6
2018,8,6,1,17,6
2018,8,6,1,18,6
2018,8,6,1,99,..C
2018,8,6,1,9999,474
2018,8,6,1,77,474
2018,8,6,2,1,6
2018,8,6,2,2,132
2018,8,6,2,3,36
2018,8,6,2,4,15
2018,8,6,2,5,0
2018,8,6,2,6,18
2018,8,6,2,7,15
2018,8,6,2,8,27
2018,8,6,2,9,66
2018,8,6,2,12,6
2018,8,6,2,13,60
2018,8,6,2,14,15
2018,8,6,2,15,9
2018,8,6,2,16,3
2018,8,6,2,17,3
2018,8,6,2,18,3
2018,8,6,2,99,..C
2018,8,6,2,9999,417
2018,8,6,2,77,417
2018,8,6,9,1,15
2018,8,6,9,2,282
2018,8,6,9,3,81
2018,8,6,9,4,42
2018,8,6,9,5,3
2018,8,6,9,6,33
2018,8,6,9,7,27
2018,8,6,9,8,48
2018,8,6,9,9,117
2018,8,6,9,12,9
2018,8,6,9,13,132
2018,8,6,9,14,54
2018,8,6,9,15,15
2018,8,6,9,16,12
2018,8,6,9,17,9
2018,8,6,9,18,9
2018,8,6,9,99,..C
2018,8,6,9,9999,891
2018,8,6,9,77,891
2018,8,9,1,1,0
2018,8,9,1,2,3
2018,8,9,1,3,0
2018,8,9,1,4,0
2018,8,9,1,5,0
2018,8,9,1,6,0
2018,8,9,1,7,0
2018,8,9,1,8,0
2018,8,9,1,9,0
2018,8,9,1,12,0
2018,8,9,1,13,0
2018,8,9,1,14,0
2018,8,9,1,15,0
2018,8,9,1,16,0
2018,8,9,1,17,0
2018,8,9,1,18,0
2018,8,9,1,99,..C
2018,8,9,1,9999,3
2018,8,9,1,77,3
2018,8,9,2,1,0
2018,8,9,2,2,0
2018,8,9,2,3,0
2018,8,9,2,4,0
2018,8,9,2,5,0
2018,8,9,2,6,0
2018,8,9,2,7,0
2018,8,9,2,8,0
2018,8,9,2,9,0
2018,8,9,2,12,0
2018,8,9,2,13,0
2018,8,9,2,14,0
2018,8,9,2,15,0
2018,8,9,2,16,0
2018,8,9,2,17,0
2018,8,9,2,18,0
2018,8,9,2,99,..C
2018,8,9,2,9999,3
2018,8,9,2,77,3
2018,8,9,9,1,0
2018,8,9,9,2,0
2018,8,9,9,3,0
2018,8,9,9,4,0
2018,8,9,9,5,0
2018,8,9,9,6,0
2018,8,9,9,7,0
2018,8,9,9,8,0
2018,8,9,9,9,0
2018,8,9,9,12,0
2018,8,9,9,13,0
2018,8,9,9,14,0
2018,8,9,9,15,0
2018,8,9,9,16,0
2018,8,9,9,17,0
2018,8,9,9,18,0
2018,8,9,9,99,..C
2018,8,9,9,9999,6
2018,8,9,9,77,6
2018,8,77,1,1,1350
2018,8,77,1,2,11163
2018,8,77,1,3,3588
2018,8,77,1,4,2343
2018,8,77,1,5,399
2018,8,77,1,6,1347
2018,8,77,1,7,927
2018,8,77,1,8,1752
2018,8,77,1,9,3357
2018,8,77,1,12,228
2018,8,77,1,13,3945
2018,8,77,1,14,1437
2018,8,77,1,15,732
2018,8,77,1,16,339
2018,8,77,1,17,324
2018,8,77,1,18,309
2018,8,77,1,99,..C
2018,8,77,1,9999,33546
2018,8,77,1,77,33543
2018,8,77,2,1,1353
2018,8,77,2,2,10683
2018,8,77,2,3,3234
2018,8,77,2,4,2262
2018,8,77,2,5,384
2018,8,77,2,6,1263
2018,8,77,2,7,867
2018,8,77,2,8,1620
2018,8,77,2,9,3327
2018,8,77,2,12,198
2018,8,77,2,13,3747
2018,8,77,2,14,1284
2018,8,77,2,15,705
2018,8,77,2,16,336
2018,8,77,2,17,333
2018,8,77,2,18,294
2018,8,77,2,99,..C
2018,8,77,2,9999,31893
2018,8,77,2,77,31890
2018,8,77,9,1,2703
2018,8,77,9,2,21846
2018,8,77,9,3,6822
2018,8,77,9,4,4602
2018,8,77,9,5,783
2018,8,77,9,6,2607
2018,8,77,9,7,1794
2018,8,77,9,8,3375
2018,8,77,9,9,6684
2018,8,77,9,12,426
2018,8,77,9,13,7692
2018,8,77,9,14,2718
2018,8,77,9,15,1437
2018,8,77,9,16,675
2018,8,77,9,17,660
2018,8,77,9,18,606
2018,8,77,9,99,6
2018,8,77,9,9999,65442
2018,8,77,9,77,65433
2018,8,9999,1,1,1350
2018,8,9999,1,2,11163
2018,8,9999,1,3,3588
2018,8,9999,1,4,2343
2018,8,9999,1,5,399
2018,8,9999,1,6,1347
2018,8,9999,1,7,927
2018,8,9999,1,8,1752
2018,8,9999,1,9,3357
2018,8,9999,1,12,228
2018,8,9999,1,13,3945
2018,8,9999,1,14,1437
2018,8,9999,1,15,732
2018,8,9999,1,16,339
2018,8,9999,1,17,324
2018,8,9999,1,18,309
2018,8,9999,1,99,0
2018,8,9999,1,9999,33549
2018,8,9999,1,77,33543
2018,8,9999,2,1,1353
2018,8,9999,2,2,10683
2018,8,9999,2,3,3237
2018,8,9999,2,4,2262
2018,8,9999,2,5,384
2018,8,9999,2,6,1263
2018,8,9999,2,7,867
2018,8,9999,2,8,1620
2018,8,9999,2,9,3327
2018,8,9999,2,12,198
2018,8,9999,2,13,3750
2018,8,9999,2,14,1284
2018,8,9999,2,15,708
2018,8,9999,2,16,336
2018,8,9999,2,17,333
2018,8,9999,2,18,297
2018,8,9999,2,99,3
2018,8,9999,2,9999,31899
2018,8,9999,2,77,31893
2018,8,9999,9,1,2703
2018,8,9999,9,2,21849
2018,8,9999,9,3,6825
2018,8,9999,9,4,4605
2018,8,9999,9,5,783
2018,8,9999,9,6,2607
2018,8,9999,9,7,1794
2018,8,9999,9,8,3375
2018,8,9999,9,9,6684
2018,8,9999,9,12,426
2018,8,9999,9,13,7692
2018,8,9999,9,14,2718
2018,8,9999,9,15,1437
2018,8,9999,9,16,675
2018,8,9999,9,17,660
2018,8,9999,9,18,606
2018,8,9999,9,99,6
2018,8,9999,9,9999,65448
2018,8,9999,9,77,65442
2018,9,1,1,1,933
2018,9,1,1,2,5778
2018,9,1,1,3,2529
2018,9,1,1,4,1635
2018,9,1,1,5,219
2018,9,1,1,6,897
2018,9,1,1,7,792
2018,9,1,1,8,1284
2018,9,1,1,9,2571
2018,9,1,1,12,192
2018,9,1,1,13,3285
2018,9,1,1,14,1179
2018,9,1,1,15,621
2018,9,1,1,16,348
2018,9,1,1,17,282
2018,9,1,1,18,252
2018,9,1,1,99,..C
2018,9,1,1,9999,22800
2018,9,1,1,77,22797
2018,9,1,2,1,855
2018,9,1,2,2,5502
2018,9,1,2,3,2340
2018,9,1,2,4,1491
2018,9,1,2,5,210
2018,9,1,2,6,852
2018,9,1,2,7,726
2018,9,1,2,8,1266
2018,9,1,2,9,2310
2018,9,1,2,12,195
2018,9,1,2,13,2976
2018,9,1,2,14,1050
2018,9,1,2,15,573
2018,9,1,2,16,339
2018,9,1,2,17,258
2018,9,1,2,18,273
2018,9,1,2,99,..C
2018,9,1,2,9999,21228
2018,9,1,2,77,21225
2018,9,1,9,1,1788
2018,9,1,9,2,11280
2018,9,1,9,3,4869
2018,9,1,9,4,3126
2018,9,1,9,5,429
2018,9,1,9,6,1746
2018,9,1,9,7,1515
2018,9,1,9,8,2550
2018,9,1,9,9,4881
2018,9,1,9,12,387
2018,9,1,9,13,6261
2018,9,1,9,14,2232
2018,9,1,9,15,1197
2018,9,1,9,16,690
2018,9,1,9,17,537
2018,9,1,9,18,525
2018,9,1,9,99,6
2018,9,1,9,9999,44028
2018,9,1,9,77,44022
2018,9,2,1,1,759
2018,9,2,1,2,2121
2018,9,2,1,3,1311
2018,9,2,1,4,1062
2018,9,2,1,5,294
2018,9,2,1,6,510
2018,9,2,1,7,342
2018,9,2,1,8,639
2018,9,2,1,9,855
2018,9,2,1,12,48
2018,9,2,1,13,672
2018,9,2,1,14,255
2018,9,2,1,15,177
2018,9,2,1,16,63
2018,9,2,1,17,54
2018,9,2,1,18,72
2018,9,2,1,99,..C
2018,9,2,1,9999,9237
2018,9,2,1,77,9231
2018,9,2,2,1,684
2018,9,2,2,2,1962
2018,9,2,2,3,1185
2018,9,2,2,4,984
2018,9,2,2,5,246
2018,9,2,2,6,540
2018,9,2,2,7,267
2018,9,2,2,8,570
2018,9,2,2,9,774
2018,9,2,2,12,33
2018,9,2,2,13,606
2018,9,2,2,14,207
2018,9,2,2,15,156
2018,9,2,2,16,57
2018,9,2,2,17,75
2018,9,2,2,18,75
2018,9,2,2,99,..C
2018,9,2,2,9999,8430
2018,9,2,2,77,8427
2018,9,2,9,1,1446
2018,9,2,9,2,4083
2018,9,2,9,3,2496
2018,9,2,9,4,2049
2018,9,2,9,5,540
2018,9,2,9,6,1050
2018,9,2,9,7,609
2018,9,2,9,8,1209
2018,9,2,9,9,1629
2018,9,2,9,12,78
2018,9,2,9,13,1278
2018,9,2,9,14,459
2018,9,2,9,15,333
2018,9,2,9,16,120
2018,9,2,9,17,132
2018,9,2,9,18,144
2018,9,2,9,99,6
2018,9,2,9,9999,17664
2018,9,2,9,77,17658
2018,9,3,1,1,132
2018,9,3,1,2,2892
2018,9,3,1,3,312
2018,9,3,1,4,171
2018,9,3,1,5,36
2018,9,3,1,6,108
2018,9,3,1,7,45
2018,9,3,1,8,144
2018,9,3,1,9,531
2018,9,3,1,12,6
2018,9,3,1,13,234
2018,9,3,1,14,69
2018,9,3,1,15,36
2018,9,3,1,16,18
2018,9,3,1,17,18
2018,9,3,1,18,15
2018,9,3,1,99,..C
2018,9,3,1,9999,4773
2018,9,3,1,77,4773
2018,9,3,2,1,114
2018,9,3,2,2,2643
2018,9,3,2,3,234
2018,9,3,2,4,162
2018,9,3,2,5,30
2018,9,3,2,6,117
2018,9,3,2,7,30
2018,9,3,2,8,132
2018,9,3,2,9,462
2018,9,3,2,12,6
2018,9,3,2,13,201
2018,9,3,2,14,63
2018,9,3,2,15,33
2018,9,3,2,16,9
2018,9,3,2,17,18
2018,9,3,2,18,27
2018,9,3,2,99,..C
2018,9,3,2,9999,4284
2018,9,3,2,77,4284
2018,9,3,9,1,246
2018,9,3,9,2,5535
2018,9,3,9,3,546
2018,9,3,9,4,333
2018,9,3,9,5,66
2018,9,3,9,6,228
2018,9,3,9,7,75
2018,9,3,9,8,276
2018,9,3,9,9,993
2018,9,3,9,12,9
2018,9,3,9,13,435
2018,9,3,9,14,132
2018,9,3,9,15,72
2018,9,3,9,16,27
2018,9,3,9,17,39
2018,9,3,9,18,45
2018,9,3,9,99,..C
2018,9,3,9,9999,9051
2018,9,3,9,77,9051
2018,9,4,1,1,51
2018,9,4,1,2,2730
2018,9,4,1,3,339
2018,9,4,1,4,165
2018,9,4,1,5,18
2018,9,4,1,6,66
2018,9,4,1,7,51
2018,9,4,1,8,114
2018,9,4,1,9,441
2018,9,4,1,12,6
2018,9,4,1,13,429
2018,9,4,1,14,102
2018,9,4,1,15,42
2018,9,4,1,16,18
2018,9,4,1,17,27
2018,9,4,1,18,12
2018,9,4,1,99,..C
2018,9,4,1,9999,4611
2018,9,4,1,77,4611
2018,9,4,2,1,60
2018,9,4,2,2,2562
2018,9,4,2,3,321
2018,9,4,2,4,150
2018,9,4,2,5,9
2018,9,4,2,6,60
2018,9,4,2,7,39
2018,9,4,2,8,105
2018,9,4,2,9,432
2018,9,4,2,12,6
2018,9,4,2,13,438
2018,9,4,2,14,75
2018,9,4,2,15,48
2018,9,4,2,16,12
2018,9,4,2,17,27
2018,9,4,2,18,9
2018,9,4,2,99,..C
2018,9,4,2,9999,4353
2018,9,4,2,77,4353
2018,9,4,9,1,108
2018,9,4,9,2,5289
2018,9,4,9,3,660
2018,9,4,9,4,318
2018,9,4,9,5,30
2018,9,4,9,6,126
2018,9,4,9,7,90
2018,9,4,9,8,216
2018,9,4,9,9,873
2018,9,4,9,12,15
2018,9,4,9,13,867
2018,9,4,9,14,177
2018,9,4,9,15,87
2018,9,4,9,16,30
2018,9,4,9,17,57
2018,9,4,9,18,18
2018,9,4,9,99,..C
2018,9,4,9,9999,8964
2018,9,4,9,77,8964
2018,9,5,1,1,12
2018,9,5,1,2,282
2018,9,5,1,3,39
2018,9,5,1,4,30
2018,9,5,1,5,0
2018,9,5,1,6,12
2018,9,5,1,7,12
2018,9,5,1,8,9
2018,9,5,1,9,87
2018,9,5,1,12,3
2018,9,5,1,13,57
2018,9,5,1,14,24
2018,9,5,1,15,6
2018,9,5,1,16,3
2018,9,5,1,17,6
2018,9,5,1,18,3
2018,9,5,1,99,..C
2018,9,5,1,9999,585
2018,9,5,1,77,585
2018,9,5,2,1,12
2018,9,5,2,2,222
2018,9,5,2,3,42
2018,9,5,2,4,18
2018,9,5,2,5,0
2018,9,5,2,6,12
2018,9,5,2,7,6
2018,9,5,2,8,12
2018,9,5,2,9,69
2018,9,5,2,12,0
2018,9,5,2,13,51
2018,9,5,2,14,24
2018,9,5,2,15,9
2018,9,5,2,16,3
2018,9,5,2,17,6
2018,9,5,2,18,3
2018,9,5,2,99,..C
2018,9,5,2,9999,486
2018,9,5,2,77,486
2018,9,5,9,1,21
2018,9,5,9,2,504
2018,9,5,9,3,81
2018,9,5,9,4,48
2018,9,5,9,5,3
2018,9,5,9,6,24
2018,9,5,9,7,21
2018,9,5,9,8,24
2018,9,5,9,9,153
2018,9,5,9,12,3
2018,9,5,9,13,108
2018,9,5,9,14,48
2018,9,5,9,15,15
2018,9,5,9,16,3
2018,9,5,9,17,15
2018,9,5,9,18,9
2018,9,5,9,99,..C
2018,9,5,9,9999,1071
2018,9,5,9,77,1071
2018,9,6,1,1,15
2018,9,6,1,2,141
2018,9,6,1,3,54
2018,9,6,1,4,24
2018,9,6,1,5,3
2018,9,6,1,6,15
2018,9,6,1,7,12
2018,9,6,1,8,27
2018,9,6,1,9,54
2018,9,6,1,12,6
2018,9,6,1,13,69
2018,9,6,1,14,27
2018,9,6,1,15,6
2018,9,6,1,16,6
2018,9,6,1,17,9
2018,9,6,1,18,6
2018,9,6,1,99,..C
2018,9,6,1,9999,471
2018,9,6,1,77,471
2018,9,6,2,1,12
2018,9,6,2,2,135
2018,9,6,2,3,45
2018,9,6,2,4,15
2018,9,6,2,5,3
2018,9,6,2,6,12
2018,9,6,2,7,6
2018,9,6,2,8,30
2018,9,6,2,9,57
2018,9,6,2,12,3
2018,9,6,2,13,57
2018,9,6,2,14,18
2018,9,6,2,15,9
2018,9,6,2,16,6
2018,9,6,2,17,6
2018,9,6,2,18,3
2018,9,6,2,99,..C
2018,9,6,2,9999,420
2018,9,6,2,77,420
2018,9,6,9,1,27
2018,9,6,9,2,276
2018,9,6,9,3,96
2018,9,6,9,4,42
2018,9,6,9,5,6
2018,9,6,9,6,27
2018,9,6,9,7,21
2018,9,6,9,8,57
2018,9,6,9,9,111
2018,9,6,9,12,6
2018,9,6,9,13,129
2018,9,6,9,14,45
2018,9,6,9,15,15
2018,9,6,9,16,12
2018,9,6,9,17,9
2018,9,6,9,18,12
2018,9,6,9,99,..C
2018,9,6,9,9999,891
2018,9,6,9,77,891
2018,9,9,1,1,3
2018,9,9,1,2,0
2018,9,9,1,3,0
2018,9,9,1,4,0
2018,9,9,1,5,0
2018,9,9,1,6,0
2018,9,9,1,7,0
2018,9,9,1,8,0
2018,9,9,1,9,0
2018,9,9,1,12,0
2018,9,9,1,13,0
2018,9,9,1,14,0
2018,9,9,1,15,0
2018,9,9,1,16,0
2018,9,9,1,17,0
2018,9,9,1,18,0
2018,9,9,1,99,..C
2018,9,9,1,9999,9
2018,9,9,1,77,9
2018,9,9,2,1,3
2018,9,9,2,2,0
2018,9,9,2,3,0
2018,9,9,2,4,3
2018,9,9,2,5,0
2018,9,9,2,6,0
2018,9,9,2,7,0
2018,9,9,2,8,0
2018,9,9,2,9,0
2018,9,9,2,12,0
2018,9,9,2,13,0
2018,9,9,2,14,0
2018,9,9,2,15,0
2018,9,9,2,16,0
2018,9,9,2,17,0
2018,9,9,2,18,0
2018,9,9,2,99,..C
2018,9,9,2,9999,3
2018,9,9,2,77,3
2018,9,9,9,1,6
2018,9,9,9,2,0
